-- phpMyAdmin SQL Dump
-- version 5.2.0
-- https://www.phpmyadmin.net/
--
-- Host: 127.0.0.1
-- Generation Time: Dec 18, 2022 at 05:13 PM
-- Server version: 10.4.25-MariaDB
-- PHP Version: 7.4.30

SET SQL_MODE = "NO_AUTO_VALUE_ON_ZERO";
START TRANSACTION;
SET time_zone = "+00:00";


/*!40101 SET @OLD_CHARACTER_SET_CLIENT=@@CHARACTER_SET_CLIENT */;
/*!40101 SET @OLD_CHARACTER_SET_RESULTS=@@CHARACTER_SET_RESULTS */;
/*!40101 SET @OLD_COLLATION_CONNECTION=@@COLLATION_CONNECTION */;
/*!40101 SET NAMES utf8mb4 */;

--
-- Database: `cinema`
--

-- --------------------------------------------------------

--
-- Table structure for table `admin`
--

CREATE TABLE `admin` (
  `id` int(11) NOT NULL,
  `email` varchar(200) COLLATE utf8mb4_vietnamese_ci NOT NULL,
  `password` varchar(200) COLLATE utf8mb4_vietnamese_ci NOT NULL
) ENGINE=InnoDB DEFAULT CHARSET=utf8mb4 COLLATE=utf8mb4_vietnamese_ci;

--
-- Dumping data for table `admin`
--

INSERT INTO `admin` (`id`, `email`, `password`) VALUES
(1, 'admin@gmail.com', '123456');

-- --------------------------------------------------------

--
-- Table structure for table `cinema`
--

CREATE TABLE `cinema` (
  `id_cinema` varchar(3) COLLATE utf8_unicode_ci NOT NULL,
  `cinema_name` varchar(50) COLLATE utf8_unicode_ci NOT NULL,
  `cinema_address` varchar(100) COLLATE utf8_unicode_ci NOT NULL
) ENGINE=MyISAM DEFAULT CHARSET=utf8 COLLATE=utf8_unicode_ci;

--
-- Dumping data for table `cinema`
--

INSERT INTO `cinema` (`id_cinema`, `cinema_name`, `cinema_address`) VALUES
('c01', 'HAY Nguyễn Du', '116 Nguyễn Du, phường bến thành, quận 1, thành phố Hồ Chí Minh'),
('c02', 'HAY Tân Bình', '246 Nguyễn Hồng Đào, phường 13, Tân Bình, thành phố Hồ Chí Minh'),
('c03', 'HAY Quang Trung', '304a Quang Trung, phường 11, Gò Vấp, thành phố Hồ CHí Minh'),
('c04', 'HAY Kinh Dương Vương', '718 Kinh Dương Vương, phường 13, quận 6, thành phố Hồ Chí Minh'),
('c05', 'HAY HuỳnhTấn Phát', '1362 Huỳnh Tấn Phát, Phú Mỹ, quận 7, thành phố Hồ Chí Minh');

-- --------------------------------------------------------

--
-- Table structure for table `customer`
--

CREATE TABLE `customer` (
  `id_customer` varchar(12) COLLATE utf8_unicode_ci NOT NULL,
  `customer_name` varchar(100) COLLATE utf8_unicode_ci NOT NULL,
  `customer_address` varchar(300) COLLATE utf8_unicode_ci NOT NULL,
  `birtday` date NOT NULL,
  `email` varchar(50) COLLATE utf8_unicode_ci NOT NULL,
  `phone` varchar(10) COLLATE utf8_unicode_ci NOT NULL,
  `password` varchar(50) COLLATE utf8_unicode_ci NOT NULL,
  `hashCode` varchar(200) COLLATE utf8_unicode_ci NOT NULL,
  `Active` int(11) NOT NULL,
  `registerDate` timestamp NOT NULL DEFAULT current_timestamp()
) ENGINE=MyISAM DEFAULT CHARSET=utf8 COLLATE=utf8_unicode_ci;

--
-- Dumping data for table `customer`
--

INSERT INTO `customer` (`id_customer`, `customer_name`, `customer_address`, `birtday`, `email`, `phone`, `password`, `hashCode`, `Active`, `registerDate`) VALUES
('ct0349780928', 'Đoàn Kim Yến', 'Đại học tôn Đức Thắng', '1970-01-01', 'doankimyen1407@gmail.com', '0349780928', 'kyen1407', '', 1, '2022-12-18 10:44:22'),
('ct0349780958', 'Trần Thị Ngọc Ánh', 'Đại học tôn Đức Thắng', '2002-06-24', 'ngocanh2406@gmail.com', '0349780958', 'ngocanh2406', '', 1, '2022-12-18 10:44:22'),
('ct0349780957', 'Hoàng Thị Mai Hoa', 'Đại học tôn Đức Thắng', '2002-10-12', 'maihoa1210@gmail.com', '0349780957', 'maihoa1210', '', 1, '2022-12-18 10:44:22'),
('ct0349780956', 'Tô Ngọc Huyền', 'Đại học tôn Đức Thắng', '2002-06-01', 'ngochuyen0106@gmail.com', '0349780956', 'ngochuyen0106', '', 1, '2022-12-18 10:44:22'),
('ct0364403205', 'Nguyễn Đăng Hưng', 'Street 1', '2002-08-10', 'Hungnguyen100802@gmail.com', '0364403205', '123456', '24c3aa87768fc13a5e85b07c8f600e65', 1, '2022-12-18 10:44:22');

-- --------------------------------------------------------

--
-- Table structure for table `movie`
--

CREATE TABLE `movie` (
  `stt` int(4) NOT NULL,
  `id_movie` varchar(6) COLLATE utf8_unicode_ci NOT NULL,
  `movie_name` varchar(100) COLLATE utf8_unicode_ci NOT NULL,
  `directors` varchar(100) COLLATE utf8_unicode_ci NOT NULL,
  `producer` varchar(100) COLLATE utf8_unicode_ci NOT NULL,
  `cast` varchar(100) COLLATE utf8_unicode_ci NOT NULL,
  `openingday` date NOT NULL,
  `duration` varchar(10) COLLATE utf8_unicode_ci NOT NULL,
  `genre` varchar(30) COLLATE utf8_unicode_ci NOT NULL,
  `description` varchar(2000) COLLATE utf8_unicode_ci NOT NULL,
  `poster` varchar(300) COLLATE utf8_unicode_ci NOT NULL,
  `trailer` varchar(300) COLLATE utf8_unicode_ci NOT NULL
) ENGINE=MyISAM DEFAULT CHARSET=utf8 COLLATE=utf8_unicode_ci;

--
-- Dumping data for table `movie`
--

INSERT INTO `movie` (`stt`, `id_movie`, `movie_name`, `directors`, `producer`, `cast`, `openingday`, `duration`, `genre`, `description`, `poster`, `trailer`) VALUES
(1, 'PM0001', 'ONE PIECE FILM RED', 'Gorō Taniguchi', 'Yasutaka Nakata', 'Mayumi Tanaka · Monkey D. Luffy ; Kazuya Nakai · Roronora Zoro', '2022-11-18', '115 phút', 'Hoạt hình', 'Bối cảnh của One Piece Film Red là một hòn đảo âm nhạc Elegia - nơi diva nổi tiếng bậc nhất thế giới tên Uta thực hiện buổi biểu diễn trực tiếp đầu tiên trước công chúng. Băng hải tặc Mũ Rơm và các fan khác của Uta từ nhiều thế lực khác nhau như hải tặc hay hải quân đều đã cùng tề tựu về buổi biểu diễn này. Biến cố bắt đầu ngay khi sự thật kinh hoàng được tiết lộ: Uta chính là con gái của Shanks tóc đỏ – một gương mặt của Tứ hoàng huyền thoại.', 'https://cdn.galaxycine.vn/media/2022/11/21/450x300_1668999445553.jpg', 'https://www.youtube.com/embed/L-aFL-bX1ao'),
(2, 'PM0002', 'BLACK PANTHER: WAKANDA FOREVER', 'Ryan Coogler', 'Marvel Studios', 'Letitia Wright · Shuri ; Lupita Nyong\'o · Nakia', '2022-11-03', '161 phút', 'Hành động', 'Dường như Black Panther/ T’Challa đã qua đời trong một sự kiện nào đó. Shuri (Letitia Wright), Okoye (Danai Gurira) lẫn nữ hoàng Ramonda (Angela Bassett) đều đau đớn và không cầm được nước mắt. Sau sự ra đi của Chadwick Boseman, Kevin Feige quyết định không chọn diễn viên mới cho nhân vật này mà chọn một người khác kế tục danh hiệu Black Panther. Có vẻ, cái chết của T’Challa đã dẫn đến cuộc chiến giữa Wakanda và Atlantis - một vương quốc sống dưới mặt nước do Namor (Tenoch Huerta) lãnh đạo. Trong truyện tranh, Namor là một nhân vật quan trọng khi góp mặt trong nhiều nhóm siêu anh hùng. Atlantis sở hữu nhiều công nghệ tiên tiến không kém cạnh Wakanda, đồng thời còn có khả năng liên kết và điều khiển các sinh vật biển. Toàn bộ bộ lạc đều bị cuốn vào giao tranh. Vương quốc Wakanda hùng mạnh lần đầu tiên bị kẻ thù nhấn chìm trong biển nước. Ngay cả nội bộ nhóm Dora Milaje cũng xảy ra mâu thuẫn. Ngoài ra, trailer còn giới thiệu Ironheart/Riri Williams (Dominique Thorne) xuất hiện bên cạnh Shuri. Trong nguyên tác truyện tranh, nữ nhân vật này là một thiên tài công nghệ khi tự chế ra bộ giáp riêng và được ví như truyền nhân của Iron Man. Cuối trailer, một Black Panther mới xuất hiện nhưng không rõ danh tính. Nhân vật này khả năng cao sẽ là người xuất hiện trong các phần phim sau này thay thế cho vị trí của T’Challa. Black Panther: Wakanda Forever chính là bước đệm để mang đến một kỷ nguyên mới cho MCU', 'https://cdn.galaxycine.vn/media/2022/11/10/300x450_1668066486371.jpg', 'https://www.youtube.com/embed/2Qcg6ZaSj8A'),
(3, 'PM0003', 'SĂN LÙNG', 'Lee Jung-Jae', 'Kim Jong-Soo', 'Lee Jung-Jae, Jung Woo-Sung, Jeon Hye-Jin', '2022-08-19', '125 phút', 'Hành động, tâm lý', 'Hai đặc vụ xuất sắc của Cơ Quan Tình Báo Hàn Quốc được giao nhiệm vụ truy lùng nội gián bên trong tổ chức, cả hai dần tìm ra những âm mưu đen tối của kẻ thù lẫn đồng đội. Những màn đấu trí cân não xen lẫn các trường đoạn hành động không ngừng nghỉ, khắc hoạ một chính trường Hàn Quốc đầy âm mưu và khủng hoảng vào những năm 1980.', 'https://cdn.galaxycine.vn/media/2022/11/15/1200x1800_1668505781787.jpg', 'https://www.youtube.com/embed/nahsyvtJOBI'),
(4, 'PM0004', 'HẠNH PHÚC MÁU', 'Nguyễn Chung', 'DST Entertainment', 'NSND Kim Xuân, Phạm Huỳnh Hữu Tài', '2022-11-24', '110 phút', 'Giật gân, tâm lý, kinh dị', 'Hạnh Phúc Máu kể về cuộc đời của Hà Phương (NSND Kim Xuân) và câu chuyện gia tộc Vương Đình với một đức tin lạ vận hành niềm tin, sự thịnh vượng của gia tộc. Vào sự kiện quan trọng của gia tộc hàng loạt thảm kịch xảy ra. Sự thật trần trụi về những người chung một dòng máu nhưng khác cuộc đời được phơi bày.', 'https://cdn.galaxycine.vn/media/2022/10/12/hpm_1665546195092.jpg', 'https://www.youtube.com/embed/VQqMUKMBKQ'),
(5, 'PM0005', 'ANNE - CÔ GÁI MUÔN MẶT', 'Kongdej Jaturanrasamee, Rasiguet Sookkarn', 'Praewa Suthamphong', 'Chutimon Chuengcharoensukying, Waruntorn Paonil', '2022-11-25', '115 phút', 'Kinh dị, tâm lý', 'Anne - Cô Gái Muôn Mặt là thuộc thể loại kinh dị tâm lý. Phim quy tụ một số lượng lớn các nữ diễn viên trẻ để cùng hoá thân vào nhân vật tên Anne. Đây là một ý tưởng “điên rồ” chưa từng xuất hiện trên màn ảnh khi cứ 2 phút bộ phim sẽ xuất hiện thêm một diễn viên hoàn toàn mới trong suốt thời lượng 115 phút. Mở đầu trailer là lời kêu cứu của các Anne sau khi thức dậy tại căn phòng kín với những ký ức mơ hồ. Họ luôn trong trạng thái hoảng loạn vì nhận ra gương mặt của mình thay đổi mỗi phút khi nhìn vào gương. Nỗi sợ dần bén rễ trong tâm trí của các Anne khi họ bừng tỉnh sau cơn ác mộng. Trong giấc mơ nửa ảo nửa thật, họ thấy mình bị đuổi giết bởi một quái nhân đầu hươu mình người có tên là Vetigo. Để tồn tại, các Anne phải hợp sức với nhau, chắp nối quá khứ nhằm tìm ra sự thật. Chất liệu kinh dị của Anne - Cô Gái Muôn Mặt trở nên sáng giá hơn khi khai thác triệt để hình tượng quỷ đầu hươu ăn thịt người Vetigo. Theo truyền thuyết kể lại, Vetigo được biết đến như một nỗi kinh hoàng của những bộ lạc thổ dân khu vực Bắc Mỹ. Vetigo có thói quen săn mồi vô cùng tàn bạo, chúng sẽ vờn cho đến khi những người bị bắt kiệt sức vì hoảng loạn, chạy trốn và sợ hãi bởi tiếng kêu gào kinh khủng của nó. Vetigo là sự kết hợp hoàn hảo giữa tính cách hung bạo, khát máu kèm với sự tính toán, gian xảo của một kẻ đi săn. Điều này càng được thể hiện rõ nét trong Anne - Cô Gái Muôn Mặt.', 'https://cdn.galaxycine.vn/media/2022/11/16/anne-co-gai-muon-mat-2_1668590403245.jpg', 'https://www.youtube.com/embed/N049Fc392eI'),
(6, 'PM0006', 'TRO TÀN RỰC RỠ', 'Bùi Thạc Chuyên', 'Julie Béziau', 'Bảo Ngọc, Phương Anh Đào', '2022-12-02', '117 phút', 'Tâm lý, ly kì', 'Lấy bối cảnh xóm nghèo miền sông nước Thơm Rơm, “Tro Tàn Rực Rỡ” là câu chuyện tình khắc khoải của ba người phụ nữ dành cho những người đàn ông họ chọn gắn bó cả cuộc đời. Mỗi câu chuyện tình ấy mang những dáng vẻ khác nhau, nhưng tựu trung lại, đều mạnh mẽ và tôn vinh vẻ đẹp tâm hồn rất đỗi nhạy cảm của phái nữ.', 'https://cdn.galaxycine.vn/media/2022/11/21/300x450_1669022512155.jpg', 'https://www.youtube.com/embed/nAsKoWNgIWA'),
(7, 'PM0007', 'VIOLENT NIGHT', 'Tommy Wirkola', ' David Leitch, Kelly McCormick', 'Josh Miller, Patrick Casey', '2022-12-02', '111 phút', 'Hành động, hài, tội phạm', 'Violent Night lấy bối cảnh một gia đình giàu có bị nhóm lính đánh thuê tấn công nhằm chiếm đoạt tài sản vào đêm Giáng Sinh. Thế nhưng những tên cướp không thể lường trước về cuộc đụng độ đẫm máu với một chiến binh đang cố gắng cứu lấy gia đình, và cứu lấy ngày lễ - ông già Noel. Những kẻ xấu ngạo mạn kia cho rằng nhân vật thần thoại này không có thật và có thể “xử lý” ông một cách nhanh gọn. Thế nhưng, sau đó là liên tiếp những cảnh hành động “máu lửa” và rùng rợn và rồi khán giả sẽ càng “ố dề” với tài nghệ sử dụng vũ khí chuyên nghiệp như súng đạn đến những vật dụng thô sơ trong nhà kho của ông già Noel. Trẻ hư thì cần phạt và cái giá phải trả cho những kẻ khinh thường năng lực của ông già Noel thì không nhân đạo chút nào. Đêm Hung Tàn không chỉ tràn ngập không khí lễ hội Giáng sinh, từ bối cảnh phim, trang phục đến âm nhạc, mà còn đậm chất hài đen, với những màn chế giễu, trào phúng, hài hước, khiến khán giả càng thêm phần thích thú và háo hức hơn.', 'https://cdn.galaxycine.vn/media/2022/11/14/1200wx1800h_1668416518582.jpg', 'https://www.youtube.com/embed/e1gwKLSRDCs'),
(8, 'PM0008', 'SADAKO DX: MANIPULATION', 'Kimura Hisashi ', 'Kadokawa Pictures', 'Hiroyuki Ikeuchi, Kazuma Kawamura', '2022-12-02', '99 phút', 'Kinh dị', 'Khắp Nhật Bản xuất hiện hàng loạt cái chết bí ẩn. Ayaka Ichijo nữ sinh với chỉ số IQ lên tới 200 không tin vào các điều mê tín dị đoan này đã bị cuốn vào sự việc khi cô em gái vô tình xem phải đoạn băng đó. Ayaka phải chạy đua với thời gian để tìm lời giải và lật tẩy bí ẩn của cuốn băng bị nguyền đó.', 'https://cdn.galaxycine.vn/media/2022/11/22/sadako_1669108950002.jpg', 'https://www.youtube.com/embed/8TExoKJbvzo'),
(9, 'PM0009', 'COME BACK HOME', 'Yeon-woo Lee', 'Chi-Leung Law', 'Donnie Yen', '2022-12-02', '119 phút', 'Hài, tình cảm', 'Sinh ra là thiếu gia, con trai của ông trùm khét tiếng một vùng, nhưng Ki-Se (Song Sae-Byeok) lại đam mê tấu hài. Dứt áo ra đi mong thành siêu sao hài kịch, nhưng chưa kịp nổi tiếng thì cuộc đời đã sang trang. Khi người cha khét tiếng đột ngột qua đời, Ki-Se buộc phải về quê để nhận lấy trọng trách gánh team rồi gánh luôn cục nợ giang hồ mà cha để lại!!!', 'https://cdn.galaxycine.vn/media/2022/11/24/dai-ca-miet-vuon-300x450_1669278994475.jpg', 'https://www.youtube.com/embed/jFVXumlg7R0'),
(10, 'PM0010', 'AROUND THE WORLD IN 80 DAYS', 'Samuel Tourneux', 'Canal+, Cottonwood Media', 'Norbert Gilbert', '2023-01-01', '82 phút', 'Hoạt hình', 'Phim kể về chuyến chu du của cặp đôi “bất đắc dĩ\" Khỉ Con và Ếch Bảnh. Chặng đường đầy gian nan nhưng cũng có vô số cảnh đẹp mãn nhãn. Họ phiêu lưu từ rừng rậm sâu thẳm, đại dương rộng lớn cho tới sa mạc nắng gắt. Trên chuyến hành trình này, Khỉ Con và Ếch Bảnh còn gặp gỡ những người bạn mới như cô nàng Ếch Chảnh biết chế tạo máy bay, thanh tra Chuột Nâu hắc ám, đại ca Bọ Cạp lạnh lùng…', 'https://cdn.galaxycine.vn/media/2022/10/31/1200wx1800h_1667186935778.jpg', 'https://www.youtube.com/embed/aw_UfISwFfA');

-- --------------------------------------------------------

--
-- Table structure for table `movie_schedule`
--

CREATE TABLE `movie_schedule` (
  `id_movie_schedule` varchar(6) COLLATE utf8_unicode_ci NOT NULL,
  `id_show_time` varchar(6) COLLATE utf8_unicode_ci NOT NULL,
  `id_cinema` varchar(3) COLLATE utf8_unicode_ci NOT NULL,
  `id_room` varchar(6) COLLATE utf8_unicode_ci NOT NULL,
  `id_movie` varchar(6) COLLATE utf8_unicode_ci NOT NULL
) ENGINE=MyISAM DEFAULT CHARSET=utf8 COLLATE=utf8_unicode_ci;

--
-- Dumping data for table `movie_schedule`
--

INSERT INTO `movie_schedule` (`id_movie_schedule`, `id_show_time`, `id_cinema`, `id_room`, `id_movie`) VALUES
('ms0001', 'st0001', 'c01', 'r01c01', 'PM0001'),
('ms0002', 'st0002', 'c02', 'r02c01', 'PM0002'),
('ms0003', 'st0003', 'c01', 'r01c01', 'pm0001'),
('ms0004', 'st0004', 'c01', 'r02c01', 'pm0001'),
('ms0005', 'st0005', 'c01', 'r01c01', 'pm0001'),
('ms0006', 'st0005', 'c01', 'r01c01', 'pm0004'),
('ms0007', 'st0005', 'c01', 'r01c01', 'pm0006'),
('ms0008', 'st0004', 'c01', 'r01c01', 'pm0003'),
('ms0009', 'st0003', 'c01', 'r01c01', 'pm0005'),
('ms0010', 'st0005', 'c01', 'r01c01', 'pm0009');

-- --------------------------------------------------------

--
-- Table structure for table `receipt`
--

CREATE TABLE `receipt` (
  `id_receipt` varchar(6) COLLATE utf8_unicode_ci NOT NULL,
  `total` int(11) NOT NULL,
  `time` datetime NOT NULL,
  `id_ticket` varchar(6) COLLATE utf8_unicode_ci NOT NULL,
  `id_customer` varchar(12) COLLATE utf8_unicode_ci NOT NULL,
  `id_movie` varchar(6) CHARACTER SET utf8mb4 COLLATE utf8mb4_unicode_ci NOT NULL,
  `amount` int(11) NOT NULL
) ENGINE=MyISAM DEFAULT CHARSET=utf8 COLLATE=utf8_unicode_ci;

--
-- Dumping data for table `receipt`
--

INSERT INTO `receipt` (`id_receipt`, `total`, `time`, `id_ticket`, `id_customer`, `id_movie`, `amount`) VALUES
('1', 140000, '2022-12-18 10:48:45', '1', 'ct0364403205', 'PM0001', 2),
('2', 100000, '2022-12-18 10:52:50', '2', 'ct0364403205', 'PM0002', 1);

-- --------------------------------------------------------

--
-- Table structure for table `room`
--

CREATE TABLE `room` (
  `id_room` varchar(6) COLLATE utf8_unicode_ci NOT NULL,
  `room_number` int(11) NOT NULL,
  `number_seats` int(11) NOT NULL,
  `classify` varchar(10) COLLATE utf8_unicode_ci NOT NULL,
  `id_cinema` varchar(3) COLLATE utf8_unicode_ci NOT NULL
) ENGINE=MyISAM DEFAULT CHARSET=utf8 COLLATE=utf8_unicode_ci;

--
-- Dumping data for table `room`
--

INSERT INTO `room` (`id_room`, `room_number`, `number_seats`, `classify`, `id_cinema`) VALUES
('r01c01', 1, 135, '2d', 'c01'),
('r02c01', 2, 135, '3d', 'c01'),
('r01c02', 1, 135, '2d', 'c02'),
('r02c02', 2, 135, '3d', 'c02'),
('r01c03', 1, 135, '2d', 'c03'),
('r02c03', 2, 135, '3d', 'c03'),
('r01c04', 1, 135, '2d', 'c04'),
('r02c04', 2, 135, '3d', 'c04'),
('r01c05', 1, 135, '2d', 'c05'),
('r02c05', 2, 135, '3d', 'c05');

-- --------------------------------------------------------

--
-- Table structure for table `seat`
--

CREATE TABLE `seat` (
  `id_seat` varchar(10) COLLATE utf8_unicode_ci NOT NULL,
  `seat_name` varchar(3) COLLATE utf8_unicode_ci NOT NULL,
  `classify` varchar(10) COLLATE utf8_unicode_ci NOT NULL,
  `id_room` varchar(6) COLLATE utf8_unicode_ci NOT NULL,
  `status` varchar(10) COLLATE utf8_unicode_ci DEFAULT NULL
) ENGINE=MyISAM DEFAULT CHARSET=utf8 COLLATE=utf8_unicode_ci;

--
-- Dumping data for table `seat`
--

INSERT INTO `seat` (`id_seat`, `seat_name`, `classify`, `id_room`, `status`) VALUES
('s001r01c01', 'A1', 'ghế đơn', 'r01c01', 'Đã đặt'),
('s002r01c01', 'A2', 'ghế đơn', 'r01c01', 'Đã đặt'),
('s003r01c01', 'A3', 'ghế đơn', 'r01c01', 'Đã đặt'),
('s004r01c01', 'A4', 'ghế đơn', 'r01c01', 'Đã đặt'),
('s005r01c01', 'A5', 'ghế đơn', 'r01c01', 'Đã đặt'),
('s006r01c01', 'A6', 'ghế đơn', 'r01c01', 'Đã đặt'),
('s007r01c01', 'A7', 'ghế đơn', 'r01c01', 'Trống'),
('s008r01c01', 'A8', 'ghế đơn', 'r01c01', 'Trống'),
('s009r01c01', 'A9', 'ghế đơn', 'r01c01', 'Đã đặt'),
('s010r01c01', 'A10', 'ghế đơn', 'r01c01', 'Trống'),
('s011r01c01', 'A11', 'ghế đơn', 'r01c01', 'Trống'),
('s012r01c01', 'A12', 'ghế đơn', 'r01c01', 'Trống'),
('s013r01c01', 'A13', 'ghế đơn', 'r01c01', 'Trống'),
('s014r01c01', 'A14', 'ghế đơn', 'r01c01', 'Đã đặt'),
('s015r01c01', 'A15', 'ghế đơn', 'r01c01', 'Trống'),
('s016r01c01', 'B1', 'ghế đơn', 'r01c01', 'Trống'),
('s017r01c01', 'B2', 'ghế đơn', 'r01c01', 'Trống'),
('s018r01c01', 'B3', 'ghế đơn', 'r01c01', 'Đã đặt'),
('s019r01c01', 'B4', 'ghế đơn', 'r01c01', 'Trống'),
('s020r01c01', 'B5', 'ghế đơn', 'r01c01', 'Đã đặt'),
('s021r01c01', 'B6', 'ghế đơn', 'r01c01', 'Trống'),
('s022r01c01', 'B7', 'ghế đơn', 'r01c01', 'Trống'),
('s023r01c01', 'B8', 'ghế đơn', 'r01c01', 'Trống'),
('s024r01c01', 'B9', 'ghế đơn', 'r01c01', 'Đã đặt'),
('s025r01c01', 'B10', 'ghế đơn', 'r01c01', 'Trống'),
('s026r01c01', 'B11', 'ghế đơn', 'r01c01', 'Trống'),
('s027r01c01', 'B12', 'ghế đơn', 'r01c01', 'Trống'),
('s028r01c01', 'B13', 'ghế đơn', 'r01c01', 'Trống'),
('s029r01c01', 'B14', 'ghế đơn', 'r01c01', 'Trống'),
('s030r01c01', 'B15', 'ghế đơn', 'r01c01', 'Trống'),
('s031r01c01', 'C1', 'ghế đơn', 'r01c01', 'Trống'),
('s032r01c01', 'C2', 'ghế đơn', 'r01c01', 'Trống'),
('s033r01c01', 'C3', 'ghế đơn', 'r01c01', 'Trống'),
('s034r01c01', 'C4', 'ghế đơn', 'r01c01', 'Trống'),
('s035r01c01', 'C5', 'ghế đơn', 'r01c01', 'Trống'),
('s036r01c01', 'C6', 'ghế đơn', 'r01c01', 'Trống'),
('s037r01c01', 'C7', 'ghế đơn', 'r01c01', 'Trống'),
('s038r01c01', 'C8', 'ghế đơn', 'r01c01', 'Trống'),
('s039r01c01', 'C9', 'ghế đơn', 'r01c01', 'Trống'),
('s040r01c01', 'C10', 'ghế đơn', 'r01c01', 'Trống'),
('s041r01c01', 'C11', 'ghế đơn', 'r01c01', 'Trống'),
('s042r01c01', 'C12', 'ghế đơn', 'r01c01', 'Trống'),
('s043r01c01', 'C13', 'ghế đơn', 'r01c01', 'Trống'),
('s044r01c01', 'C14', 'ghế đơn', 'r01c01', 'Trống'),
('s045r01c01', 'C15', 'ghế đơn', 'r01c01', 'Trống'),
('s046r01c01', 'D1', 'ghế đơn', 'r01c01', 'Trống'),
('s047r01c01', 'D2', 'ghế đơn', 'r01c01', 'Trống'),
('s048r01c01', 'D3', 'ghế đơn', 'r01c01', 'Trống'),
('s049r01c01', 'D4', 'ghế đơn', 'r01c01', 'Trống'),
('s050r01c01', 'D5', 'ghế đơn', 'r01c01', 'Trống'),
('s051r01c01', 'D6', 'ghế đơn', 'r01c01', 'Trống'),
('s052r01c01', 'D7', 'ghế đơn', 'r01c01', 'Trống'),
('s053r01c01', 'D8', 'ghế đơn', 'r01c01', 'Trống'),
('s054r01c01', 'D9', 'ghế đơn', 'r01c01', 'Trống'),
('s055r01c01', 'D10', 'ghế đơn', 'r01c01', 'Trống'),
('s056r01c01', 'D11', 'ghế đơn', 'r01c01', 'Trống'),
('s057r01c01', 'D12', 'ghế đơn', 'r01c01', 'Trống'),
('s058r01c01', 'D13', 'ghế đơn', 'r01c01', 'Trống'),
('s059r01c01', 'D14', 'ghế đơn', 'r01c01', 'Trống'),
('s060r01c01', 'D15', 'ghế đơn', 'r01c01', 'Trống'),
('s061r01c01', 'E1', 'ghế đơn', 'r01c01', 'Trống'),
('s062r01c01', 'E2', 'ghế đơn', 'r01c01', 'Trống'),
('s063r01c01', 'E3', 'ghế đơn', 'r01c01', 'Trống'),
('s064r01c01', 'E4', 'ghế đơn', 'r01c01', 'Trống'),
('s065r01c01', 'E5', 'ghế đơn', 'r01c01', 'Trống'),
('s066r01c01', 'E6', 'ghế đơn', 'r01c01', 'Trống'),
('s067r01c01', 'E7', 'ghế đơn', 'r01c01', 'Trống'),
('s068r01c01', 'E8', 'ghế đơn', 'r01c01', 'Trống'),
('s069r01c01', 'E9', 'ghế đơn', 'r01c01', 'Trống'),
('s070r01c01', 'E10', 'ghế đơn', 'r01c01', 'Trống'),
('s071r01c01', 'E11', 'ghế đơn', 'r01c01', 'Trống'),
('s072r01c01', 'E12', 'ghế đơn', 'r01c01', 'Trống'),
('s073r01c01', 'E13', 'ghế đơn', 'r01c01', 'Trống'),
('s074r01c01', 'E14', 'ghế đơn', 'r01c01', 'Trống'),
('s075r01c01', 'E15', 'ghế đơn', 'r01c01', 'Trống'),
('s076r01c01', 'F1', 'ghế đơn', 'r01c01', 'Trống'),
('s077r01c01', 'F2', 'ghế đơn', 'r01c01', 'Trống'),
('s078r01c01', 'F3', 'ghế đơn', 'r01c01', 'Trống'),
('s079r01c01', 'F4', 'ghế đơn', 'r01c01', 'Trống'),
('s080r01c01', 'F5', 'ghế đơn', 'r01c01', 'Trống'),
('s081r01c01', 'F6', 'ghế đơn', 'r01c01', 'Trống'),
('s082r01c01', 'F7', 'ghế đơn', 'r01c01', 'Trống'),
('s083r01c01', 'F8', 'ghế đơn', 'r01c01', 'Trống'),
('s084r01c01', 'F9', 'ghế đơn', 'r01c01', 'Trống'),
('s085r01c01', 'F10', 'ghế đơn', 'r01c01', 'Trống'),
('s086r01c01', 'F11', 'ghế đơn', 'r01c01', 'Trống'),
('s087r01c01', 'F12', 'ghế đơn', 'r01c01', 'Trống'),
('s088r01c01', 'F13', 'ghế đơn', 'r01c01', 'Trống'),
('s089r01c01', 'F14', 'ghế đơn', 'r01c01', 'Trống'),
('s090r01c01', 'F15', 'ghế đơn', 'r01c01', 'Trống'),
('s091r01c01', 'G1', 'ghế đơn', 'r01c01', 'Trống'),
('s092r01c01', 'G2', 'ghế đơn', 'r01c01', 'Trống'),
('s093r01c01', 'G3', 'ghế đơn', 'r01c01', 'Trống'),
('s094r01c01', 'G4', 'ghế đơn', 'r01c01', 'Trống'),
('s095r01c01', 'G5', 'ghế đơn', 'r01c01', 'Trống'),
('s096r01c01', 'G6', 'ghế đơn', 'r01c01', 'Trống'),
('s097r01c01', 'G7', 'ghế đơn', 'r01c01', 'Trống'),
('s098r01c01', 'G8', 'ghế đơn', 'r01c01', 'Trống'),
('s099r01c01', 'G9', 'ghế đơn', 'r01c01', 'Trống'),
('s100r01c01', 'G10', 'ghế đơn', 'r01c01', 'Trống'),
('s101r01c01', 'G11', 'ghế đơn', 'r01c01', 'Trống'),
('s102r01c01', 'G12', 'ghế đơn', 'r01c01', 'Trống'),
('s103r01c01', 'G13', 'ghế đơn', 'r01c01', 'Trống'),
('s104r01c01', 'G14', 'ghế đơn', 'r01c01', 'Trống'),
('s105r01c01', 'G15', 'ghế đơn', 'r01c01', 'Trống'),
('s106r01c01', 'H1', 'ghế đơn', 'r01c01', 'Trống'),
('s107r01c01', 'H2', 'ghế đơn', 'r01c01', 'Trống'),
('s108r01c01', 'H3', 'ghế đơn', 'r01c01', 'Trống'),
('s109r01c01', 'H4', 'ghế đơn', 'r01c01', 'Trống'),
('s110r01c01', 'H5', 'ghế đơn', 'r01c01', 'Trống'),
('s111r01c01', 'H6', 'ghế đơn', 'r01c01', 'Trống'),
('s112r01c01', 'H7', 'ghế đơn', 'r01c01', 'Trống'),
('s113r01c01', 'H8', 'ghế đơn', 'r01c01', 'Trống'),
('s114r01c01', 'H9', 'ghế đơn', 'r01c01', 'Trống'),
('s115r01c01', 'H10', 'ghế đơn', 'r01c01', 'Trống'),
('s116r01c01', 'H11', 'ghế đơn', 'r01c01', 'Trống'),
('s117r01c01', 'H12', 'ghế đơn', 'r01c01', 'Trống'),
('s118r01c01', 'H13', 'ghế đơn', 'r01c01', 'Trống'),
('s119r01c01', 'H14', 'ghế đơn', 'r01c01', 'Trống'),
('s120r01c01', 'I15', 'ghế đơn', 'r01c01', 'Trống'),
('s121r01c01', 'I1', 'ghế đơn', 'r01c01', 'Trống'),
('s122r01c01', 'I2', 'ghế đơn', 'r01c01', 'Trống'),
('s123r01c01', 'I3', 'ghế đơn', 'r01c01', 'Trống'),
('s124r01c01', 'I4', 'ghế đơn', 'r01c01', 'Trống'),
('s125r01c01', 'I5', 'ghế đơn', 'r01c01', 'Trống'),
('s126r01c01', 'I6', 'ghế đơn', 'r01c01', 'Trống'),
('s127r01c01', 'I7', 'ghế đơn', 'r01c01', 'Trống'),
('s128r01c01', 'I8', 'ghế đơn', 'r01c01', 'Trống'),
('s129r01c01', 'I9', 'ghế đơn', 'r01c01', 'Trống'),
('s130r01c01', 'I10', 'ghế đơn', 'r01c01', 'Trống'),
('s131r01c01', 'I11', 'ghế đơn', 'r01c01', 'Trống'),
('s132r01c01', 'I12', 'ghế đơn', 'r01c01', 'Trống'),
('s133r01c01', 'I13', 'ghế đơn', 'r01c01', 'Trống'),
('s134r01c01', 'I14', 'ghế đơn', 'r01c01', 'Trống'),
('s135r01c01', 'I15', 'ghế đơn', 'r01c01', 'Trống'),
('s001r02c01', 'A1', 'ghế đơn', 'r02c01', 'Đã đặt'),
('s002r02c01', 'A2', 'ghế đơn', 'r02c01', 'Đã đặt'),
('s003r02c01', 'A3', 'ghế đơn', 'r02c01', 'Đã đặt'),
('s004r02c01', 'A4', 'ghế đơn', 'r02c01', 'Đã đặt'),
('s005r02c01', 'A5', 'ghế đơn', 'r02c01', 'Đã đặt'),
('s006r02c01', 'A6', 'ghế đơn', 'r02c01', 'Trống'),
('s007r02c01', 'A7', 'ghế đơn', 'r02c01', 'Trống'),
('s008r02c01', 'A8', 'ghế đơn', 'r02c01', 'Đã đặt'),
('s009r02c01', 'A9', 'ghế đơn', 'r02c01', 'Trống'),
('s010r02c01', 'A10', 'ghế đơn', 'r02c01', 'Trống'),
('s011r02c01', 'A11', 'ghế đơn', 'r02c01', 'Trống'),
('s012r02c01', 'A12', 'ghế đơn', 'r02c01', 'Đã đặt'),
('s013r02c01', 'A13', 'ghế đơn', 'r02c01', 'Trống'),
('s014r02c01', 'A14', 'ghế đơn', 'r02c01', 'Trống'),
('s015r02c01', 'A15', 'ghế đơn', 'r02c01', 'Trống'),
('s016r02c01', 'B1', 'ghế đơn', 'r02c01', 'Đã đặt'),
('s017r02c01', 'B2', 'ghế đơn', 'r02c01', 'Trống'),
('s018r02c01', 'B3', 'ghế đơn', 'r02c01', 'Đã đặt'),
('s019r02c01', 'B4', 'ghế đơn', 'r02c01', 'Đã đặt'),
('s020r02c01', 'B5', 'ghế đơn', 'r02c01', 'Trống'),
('s021r02c01', 'B6', 'ghế đơn', 'r02c01', 'Trống'),
('s022r02c01', 'B7', 'ghế đơn', 'r02c01', 'Trống'),
('s023r02c01', 'B8', 'ghế đơn', 'r02c01', 'Đã đặt'),
('s024r02c01', 'B9', 'ghế đơn', 'r02c01', 'Trống'),
('s025r02c01', 'B10', 'ghế đơn', 'r02c01', 'Trống'),
('s026r02c01', 'B11', 'ghế đơn', 'r02c01', 'Trống'),
('s027r02c01', 'B12', 'ghế đơn', 'r02c01', 'Trống'),
('s028r02c01', 'B13', 'ghế đơn', 'r02c01', 'Trống'),
('s029r02c01', 'B14', 'ghế đơn', 'r02c01', 'Trống'),
('s030r02c01', 'B15', 'ghế đơn', 'r02c01', 'Trống'),
('s031r02c01', 'C1', 'ghế đơn', 'r02c01', 'Trống'),
('s032r02c01', 'C2', 'ghế đơn', 'r02c01', 'Trống'),
('s033r02c01', 'C3', 'ghế đơn', 'r02c01', 'Trống'),
('s034r02c01', 'C4', 'ghế đơn', 'r02c01', 'Trống'),
('s035r02c01', 'C5', 'ghế đơn', 'r02c01', 'Trống'),
('s036r02c01', 'C6', 'ghế đơn', 'r02c01', 'Trống'),
('s037r02c01', 'C7', 'ghế đơn', 'r02c01', 'Trống'),
('s038r02c01', 'C8', 'ghế đơn', 'r02c01', 'Trống'),
('s039r02c01', 'C9', 'ghế đơn', 'r02c01', 'Trống'),
('s040r02c01', 'C10', 'ghế đơn', 'r02c01', 'Trống'),
('s041r02c01', 'C11', 'ghế đơn', 'r02c01', 'Trống'),
('s042r02c01', 'C12', 'ghế đơn', 'r02c01', 'Trống'),
('s043r02c01', 'C13', 'ghế đơn', 'r02c01', 'Trống'),
('s044r02c01', 'C14', 'ghế đơn', 'r02c01', 'Trống'),
('s045r02c01', 'C15', 'ghế đơn', 'r02c01', 'Trống'),
('s046r02c01', 'D1', 'ghế đơn', 'r02c01', 'Trống'),
('s047r02c01', 'D2', 'ghế đơn', 'r02c01', 'Trống'),
('s048r02c01', 'D3', 'ghế đơn', 'r02c01', 'Trống'),
('s049r02c01', 'D4', 'ghế đơn', 'r02c01', 'Trống'),
('s050r02c01', 'D5', 'ghế đơn', 'r02c01', 'Trống'),
('s051r02c01', 'D6', 'ghế đơn', 'r02c01', 'Trống'),
('s052r02c01', 'D7', 'ghế đơn', 'r02c01', 'Trống'),
('s053r02c01', 'D8', 'ghế đơn', 'r02c01', 'Trống'),
('s054r02c01', 'D9', 'ghế đơn', 'r02c01', 'Trống'),
('s055r02c01', 'D10', 'ghế đơn', 'r02c01', 'Trống'),
('s056r02c01', 'D11', 'ghế đơn', 'r02c01', 'Trống'),
('s057r02c01', 'D12', 'ghế đơn', 'r02c01', 'Trống'),
('s058r02c01', 'D13', 'ghế đơn', 'r02c01', 'Trống'),
('s059r02c01', 'D14', 'ghế đơn', 'r02c01', 'Trống'),
('s060r02c01', 'D15', 'ghế đơn', 'r02c01', 'Trống'),
('s061r02c01', 'E1', 'ghế đơn', 'r02c01', 'Trống'),
('s062r02c01', 'E2', 'ghế đơn', 'r02c01', 'Trống'),
('s063r02c01', 'E3', 'ghế đơn', 'r02c01', 'Trống'),
('s064r02c01', 'E4', 'ghế đơn', 'r02c01', 'Trống'),
('s065r02c01', 'E5', 'ghế đơn', 'r02c01', 'Trống'),
('s066r02c01', 'E6', 'ghế đơn', 'r02c01', 'Trống'),
('s067r02c01', 'E7', 'ghế đơn', 'r02c01', 'Trống'),
('s068r02c01', 'E8', 'ghế đơn', 'r02c01', 'Trống'),
('s069r02c01', 'E9', 'ghế đơn', 'r02c01', 'Trống'),
('s070r02c01', 'E10', 'ghế đơn', 'r02c01', 'Trống'),
('s071r02c01', 'E11', 'ghế đơn', 'r02c01', 'Trống'),
('s072r02c01', 'E12', 'ghế đơn', 'r02c01', 'Trống'),
('s073r02c01', 'E13', 'ghế đơn', 'r02c01', 'Trống'),
('s074r02c01', 'E14', 'ghế đơn', 'r02c01', 'Trống'),
('s075r02c01', 'E15', 'ghế đơn', 'r02c01', 'Trống'),
('s076r02c01', 'F1', 'ghế đơn', 'r02c01', 'Trống'),
('s077r02c01', 'F2', 'ghế đơn', 'r02c01', 'Trống'),
('s078r02c01', 'F3', 'ghế đơn', 'r02c01', 'Trống'),
('s079r02c01', 'F4', 'ghế đơn', 'r02c01', 'Trống'),
('s080r02c01', 'F5', 'ghế đơn', 'r02c01', 'Trống'),
('s081r02c01', 'F6', 'ghế đơn', 'r02c01', 'Trống'),
('s082r02c01', 'F7', 'ghế đơn', 'r02c01', 'Trống'),
('s083r02c01', 'F8', 'ghế đơn', 'r02c01', 'Trống'),
('s084r02c01', 'F9', 'ghế đơn', 'r02c01', 'Trống'),
('s085r02c01', 'F10', 'ghế đơn', 'r02c01', 'Trống'),
('s086r02c01', 'F11', 'ghế đơn', 'r02c01', 'Trống'),
('s087r02c01', 'F12', 'ghế đơn', 'r02c01', 'Trống'),
('s088r02c01', 'F13', 'ghế đơn', 'r02c01', 'Trống'),
('s089r02c01', 'F14', 'ghế đơn', 'r02c01', 'Trống'),
('s090r02c01', 'F15', 'ghế đơn', 'r02c01', 'Trống'),
('s091r02c01', 'G1', 'ghế đơn', 'r02c01', 'Trống'),
('s092r02c01', 'G2', 'ghế đơn', 'r02c01', 'Trống'),
('s093r02c01', 'G3', 'ghế đơn', 'r02c01', 'Trống'),
('s094r02c01', 'G4', 'ghế đơn', 'r02c01', 'Trống'),
('s095r02c01', 'G5', 'ghế đơn', 'r02c01', 'Trống'),
('s096r02c01', 'G6', 'ghế đơn', 'r02c01', 'Trống'),
('s097r02c01', 'G7', 'ghế đơn', 'r02c01', 'Trống'),
('s098r02c01', 'G8', 'ghế đơn', 'r02c01', 'Trống'),
('s099r02c01', 'G9', 'ghế đơn', 'r02c01', 'Trống'),
('s100r02c01', 'G10', 'ghế đơn', 'r02c01', 'Trống'),
('s101r02c01', 'G11', 'ghế đơn', 'r02c01', 'Trống'),
('s102r02c01', 'G12', 'ghế đơn', 'r02c01', 'Trống'),
('s103r02c01', 'G13', 'ghế đơn', 'r02c01', 'Trống'),
('s104r02c01', 'G14', 'ghế đơn', 'r02c01', 'Trống'),
('s105r02c01', 'G15', 'ghế đơn', 'r02c01', 'Trống'),
('s106r02c01', 'H1', 'ghế đơn', 'r02c01', 'Trống'),
('s107r02c01', 'H2', 'ghế đơn', 'r02c01', 'Trống'),
('s108r02c01', 'H3', 'ghế đơn', 'r02c01', 'Trống'),
('s109r02c01', 'H4', 'ghế đơn', 'r02c01', 'Trống'),
('s110r02c01', 'H5', 'ghế đơn', 'r02c01', 'Trống'),
('s111r02c01', 'H6', 'ghế đơn', 'r02c01', 'Trống'),
('s112r02c01', 'H7', 'ghế đơn', 'r02c01', 'Trống'),
('s113r02c01', 'H8', 'ghế đơn', 'r02c01', 'Trống'),
('s114r02c01', 'H9', 'ghế đơn', 'r02c01', 'Trống'),
('s115r02c01', 'H10', 'ghế đơn', 'r02c01', 'Trống'),
('s116r02c01', 'H11', 'ghế đơn', 'r02c01', 'Trống'),
('s117r02c01', 'H12', 'ghế đơn', 'r02c01', 'Trống'),
('s118r02c01', 'H13', 'ghế đơn', 'r02c01', 'Trống'),
('s119r02c01', 'H14', 'ghế đơn', 'r02c01', 'Trống'),
('s120r02c01', 'I15', 'ghế đơn', 'r02c01', 'Trống'),
('s121r02c01', 'I1', 'ghế đơn', 'r02c01', 'Trống'),
('s122r02c01', 'I2', 'ghế đơn', 'r02c01', 'Trống'),
('s123r02c01', 'I3', 'ghế đơn', 'r02c01', 'Trống'),
('s124r02c01', 'I4', 'ghế đơn', 'r02c01', 'Trống'),
('s125r02c01', 'I5', 'ghế đơn', 'r02c01', 'Trống'),
('s126r02c01', 'I6', 'ghế đơn', 'r02c01', 'Trống'),
('s127r02c01', 'I7', 'ghế đơn', 'r02c01', 'Trống'),
('s128r02c01', 'I8', 'ghế đơn', 'r02c01', 'Trống'),
('s129r02c01', 'I9', 'ghế đơn', 'r02c01', 'Trống'),
('s130r02c01', 'I10', 'ghế đơn', 'r02c01', 'Trống'),
('s131r02c01', 'I11', 'ghế đơn', 'r02c01', 'Trống'),
('s132r02c01', 'I12', 'ghế đơn', 'r02c01', 'Trống'),
('s133r02c01', 'I13', 'ghế đơn', 'r02c01', 'Trống'),
('s134r02c01', 'I14', 'ghế đơn', 'r02c01', 'Trống'),
('s135r02c01', 'I15', 'ghế đơn', 'r02c01', 'Trống'),
('s001r01c02', 'A1', 'ghế đơn', 'r01c02', 'Đã đặt'),
('s002r01c02', 'A2', 'ghế đơn', 'r01c02', 'Đã đặt'),
('s003r01c02', 'A3', 'ghế đơn', 'r01c02', 'Đã đặt'),
('s004r01c02', 'A4', 'ghế đơn', 'r01c02', 'Đã đặt'),
('s005r01c02', 'A5', 'ghế đơn', 'r01c02', 'Đã đặt'),
('s006r01c02', 'A6', 'ghế đơn', 'r01c02', 'Trống'),
('s007r01c02', 'A7', 'ghế đơn', 'r01c02', 'Trống'),
('s008r01c02', 'A8', 'ghế đơn', 'r01c02', 'Trống'),
('s009r01c02', 'A9', 'ghế đơn', 'r01c02', 'Trống'),
('s010r01c02', 'A10', 'ghế đơn', 'r01c02', 'Trống'),
('s011r01c02', 'A11', 'ghế đơn', 'r01c02', 'Trống'),
('s012r01c02', 'A12', 'ghế đơn', 'r01c02', 'Trống'),
('s013r01c02', 'A13', 'ghế đơn', 'r01c02', 'Trống'),
('s014r01c02', 'A14', 'ghế đơn', 'r01c02', 'Trống'),
('s015r01c02', 'A15', 'ghế đơn', 'r01c02', 'Trống'),
('s016r01c02', 'B1', 'ghế đơn', 'r01c02', 'Trống'),
('s017r01c02', 'B2', 'ghế đơn', 'r01c02', 'Trống'),
('s018r01c02', 'B3', 'ghế đơn', 'r01c02', 'Trống'),
('s019r01c02', 'B4', 'ghế đơn', 'r01c02', 'Trống'),
('s020r01c02', 'B5', 'ghế đơn', 'r01c02', 'Trống'),
('s021r01c02', 'B6', 'ghế đơn', 'r01c02', 'Trống'),
('s022r01c02', 'B7', 'ghế đơn', 'r01c02', 'Trống'),
('s023r01c02', 'B8', 'ghế đơn', 'r01c02', 'Trống'),
('s024r01c02', 'B9', 'ghế đơn', 'r01c02', 'Trống'),
('s025r01c02', 'B10', 'ghế đơn', 'r01c02', 'Trống'),
('s026r01c02', 'B11', 'ghế đơn', 'r01c02', 'Trống'),
('s027r01c02', 'B12', 'ghế đơn', 'r01c02', 'Trống'),
('s028r01c02', 'B13', 'ghế đơn', 'r01c02', 'Trống'),
('s029r01c02', 'B14', 'ghế đơn', 'r01c02', 'Trống'),
('s030r01c02', 'B15', 'ghế đơn', 'r01c02', 'Trống'),
('s031r01c02', 'C1', 'ghế đơn', 'r01c02', 'Trống'),
('s032r01c02', 'C2', 'ghế đơn', 'r01c02', 'Trống'),
('s033r01c02', 'C3', 'ghế đơn', 'r01c02', 'Trống'),
('s034r01c02', 'C4', 'ghế đơn', 'r01c02', 'Trống'),
('s035r01c02', 'C5', 'ghế đơn', 'r01c02', 'Trống'),
('s036r01c02', 'C6', 'ghế đơn', 'r01c02', 'Trống'),
('s037r01c02', 'C7', 'ghế đơn', 'r01c02', 'Trống'),
('s038r01c02', 'C8', 'ghế đơn', 'r01c02', 'Trống'),
('s039r01c02', 'C9', 'ghế đơn', 'r01c02', 'Trống'),
('s040r01c02', 'C10', 'ghế đơn', 'r01c02', 'Trống'),
('s041r01c02', 'C11', 'ghế đơn', 'r01c02', 'Trống'),
('s042r01c02', 'C12', 'ghế đơn', 'r01c02', 'Trống'),
('s043r01c02', 'C13', 'ghế đơn', 'r01c02', 'Trống'),
('s044r01c02', 'C14', 'ghế đơn', 'r01c02', 'Trống'),
('s045r01c02', 'C15', 'ghế đơn', 'r01c02', 'Trống'),
('s046r01c02', 'D1', 'ghế đơn', 'r01c02', 'Trống'),
('s047r01c02', 'D2', 'ghế đơn', 'r01c02', 'Trống'),
('s048r01c02', 'D3', 'ghế đơn', 'r01c02', 'Trống'),
('s049r01c02', 'D4', 'ghế đơn', 'r01c02', 'Trống'),
('s050r01c02', 'D5', 'ghế đơn', 'r01c02', 'Trống'),
('s051r01c02', 'D6', 'ghế đơn', 'r01c02', 'Trống'),
('s052r01c02', 'D7', 'ghế đơn', 'r01c02', 'Trống'),
('s053r01c02', 'D8', 'ghế đơn', 'r01c02', 'Trống'),
('s054r01c02', 'D9', 'ghế đơn', 'r01c02', 'Trống'),
('s055r01c02', 'D10', 'ghế đơn', 'r01c02', 'Trống'),
('s056r01c02', 'D11', 'ghế đơn', 'r01c02', 'Trống'),
('s057r01c02', 'D12', 'ghế đơn', 'r01c02', 'Trống'),
('s058r01c02', 'D13', 'ghế đơn', 'r01c02', 'Trống'),
('s059r01c02', 'D14', 'ghế đơn', 'r01c02', 'Trống'),
('s060r01c02', 'D15', 'ghế đơn', 'r01c02', 'Trống'),
('s061r01c02', 'E1', 'ghế đơn', 'r01c02', 'Trống'),
('s062r01c02', 'E2', 'ghế đơn', 'r01c02', 'Trống'),
('s063r01c02', 'E3', 'ghế đơn', 'r01c02', 'Trống'),
('s064r01c02', 'E4', 'ghế đơn', 'r01c02', 'Trống'),
('s065r01c02', 'E5', 'ghế đơn', 'r01c02', 'Trống'),
('s066r01c02', 'E6', 'ghế đơn', 'r01c02', 'Trống'),
('s067r01c02', 'E7', 'ghế đơn', 'r01c02', 'Trống'),
('s068r01c02', 'E8', 'ghế đơn', 'r01c02', 'Trống'),
('s069r01c02', 'E9', 'ghế đơn', 'r01c02', 'Trống'),
('s070r01c02', 'E10', 'ghế đơn', 'r01c02', 'Trống'),
('s071r01c02', 'E11', 'ghế đơn', 'r01c02', 'Trống'),
('s072r01c02', 'E12', 'ghế đơn', 'r01c02', 'Trống'),
('s073r01c02', 'E13', 'ghế đơn', 'r01c02', 'Trống'),
('s074r01c02', 'E14', 'ghế đơn', 'r01c02', 'Trống'),
('s075r01c02', 'E15', 'ghế đơn', 'r01c02', 'Trống'),
('s076r01c02', 'F1', 'ghế đơn', 'r01c02', 'Trống'),
('s077r01c02', 'F2', 'ghế đơn', 'r01c02', 'Trống'),
('s078r01c02', 'F3', 'ghế đơn', 'r01c02', 'Trống'),
('s079r01c02', 'F4', 'ghế đơn', 'r01c02', 'Trống'),
('s080r01c02', 'F5', 'ghế đơn', 'r01c02', 'Trống'),
('s081r01c02', 'F6', 'ghế đơn', 'r01c02', 'Trống'),
('s082r01c02', 'F7', 'ghế đơn', 'r01c02', 'Trống'),
('s083r01c02', 'F8', 'ghế đơn', 'r01c02', 'Trống'),
('s084r01c02', 'F9', 'ghế đơn', 'r01c02', 'Trống'),
('s085r01c02', 'F10', 'ghế đơn', 'r01c02', 'Trống'),
('s086r01c02', 'F11', 'ghế đơn', 'r01c02', 'Trống'),
('s087r01c02', 'F12', 'ghế đơn', 'r01c02', 'Trống'),
('s088r01c02', 'F13', 'ghế đơn', 'r01c02', 'Trống'),
('s089r01c02', 'F14', 'ghế đơn', 'r01c02', 'Trống'),
('s090r01c02', 'F15', 'ghế đơn', 'r01c02', 'Trống'),
('s091r01c02', 'G1', 'ghế đơn', 'r01c02', 'Trống'),
('s092r01c02', 'G2', 'ghế đơn', 'r01c02', 'Trống'),
('s093r01c02', 'G3', 'ghế đơn', 'r01c02', 'Trống'),
('s094r01c02', 'G4', 'ghế đơn', 'r01c02', 'Trống'),
('s095r01c02', 'G5', 'ghế đơn', 'r01c02', 'Trống'),
('s096r01c02', 'G6', 'ghế đơn', 'r01c02', 'Trống'),
('s097r01c02', 'G7', 'ghế đơn', 'r01c02', 'Trống'),
('s098r01c02', 'G8', 'ghế đơn', 'r01c02', 'Trống'),
('s099r01c02', 'G9', 'ghế đơn', 'r01c02', 'Trống'),
('s100r01c02', 'G10', 'ghế đơn', 'r01c02', 'Trống'),
('s101r01c02', 'G11', 'ghế đơn', 'r01c02', 'Trống'),
('s102r01c02', 'G12', 'ghế đơn', 'r01c02', 'Trống'),
('s103r01c02', 'G13', 'ghế đơn', 'r01c02', 'Trống'),
('s104r01c02', 'G14', 'ghế đơn', 'r01c02', 'Trống'),
('s105r01c02', 'G15', 'ghế đơn', 'r01c02', 'Trống'),
('s106r01c02', 'H1', 'ghế đơn', 'r01c02', 'Trống'),
('s107r01c02', 'H2', 'ghế đơn', 'r01c02', 'Trống'),
('s108r01c02', 'H3', 'ghế đơn', 'r01c02', 'Trống'),
('s109r01c02', 'H4', 'ghế đơn', 'r01c02', 'Trống'),
('s110r01c02', 'H5', 'ghế đơn', 'r01c02', 'Trống'),
('s111r01c02', 'H6', 'ghế đơn', 'r01c02', 'Trống'),
('s112r01c02', 'H7', 'ghế đơn', 'r01c02', 'Trống'),
('s113r01c02', 'H8', 'ghế đơn', 'r01c02', 'Trống'),
('s114r01c02', 'H9', 'ghế đơn', 'r01c02', 'Trống'),
('s115r01c02', 'H10', 'ghế đơn', 'r01c02', 'Trống'),
('s116r01c02', 'H11', 'ghế đơn', 'r01c02', 'Trống'),
('s117r01c02', 'H12', 'ghế đơn', 'r01c02', 'Trống'),
('s118r01c02', 'H13', 'ghế đơn', 'r01c02', 'Trống'),
('s119r01c02', 'H14', 'ghế đơn', 'r01c02', 'Trống'),
('s120r01c02', 'I15', 'ghế đơn', 'r01c02', 'Trống'),
('s121r01c02', 'I1', 'ghế đơn', 'r01c02', 'Trống'),
('s122r01c02', 'I2', 'ghế đơn', 'r01c02', 'Trống'),
('s123r01c02', 'I3', 'ghế đơn', 'r01c02', 'Trống'),
('s124r01c02', 'I4', 'ghế đơn', 'r01c02', 'Trống'),
('s125r01c02', 'I5', 'ghế đơn', 'r01c02', 'Trống'),
('s126r01c02', 'I6', 'ghế đơn', 'r01c02', 'Trống'),
('s127r01c02', 'I7', 'ghế đơn', 'r01c02', 'Trống'),
('s128r01c02', 'I8', 'ghế đơn', 'r01c02', 'Trống'),
('s129r01c02', 'I9', 'ghế đơn', 'r01c02', 'Trống'),
('s130r01c02', 'I10', 'ghế đơn', 'r01c02', 'Trống'),
('s131r01c02', 'I11', 'ghế đơn', 'r01c02', 'Trống'),
('s132r01c02', 'I12', 'ghế đơn', 'r01c02', 'Trống'),
('s133r01c02', 'I13', 'ghế đơn', 'r01c02', 'Trống'),
('s134r01c02', 'I14', 'ghế đơn', 'r01c02', 'Trống'),
('s135r01c02', 'I15', 'ghế đơn', 'r01c02', 'Trống'),
('s001r02c02', 'A1', 'ghế đơn', 'r02c02', 'Đã đặt'),
('s002r02c02', 'A2', 'ghế đơn', 'r02c02', 'Đã đặt'),
('s003r02c02', 'A3', 'ghế đơn', 'r02c02', 'Đã đặt'),
('s004r02c02', 'A4', 'ghế đơn', 'r02c02', 'Đã đặt'),
('s005r02c02', 'A5', 'ghế đơn', 'r02c02', 'Đã đặt'),
('s006r02c02', 'A6', 'ghế đơn', 'r02c02', 'Trống'),
('s007r02c02', 'A7', 'ghế đơn', 'r02c02', 'Trống'),
('s008r02c02', 'A8', 'ghế đơn', 'r02c02', 'Trống'),
('s009r02c02', 'A9', 'ghế đơn', 'r02c02', 'Trống'),
('s010r02c02', 'A10', 'ghế đơn', 'r02c02', 'Trống'),
('s011r02c02', 'A11', 'ghế đơn', 'r02c02', 'Trống'),
('s012r02c02', 'A12', 'ghế đơn', 'r02c02', 'Trống'),
('s013r02c02', 'A13', 'ghế đơn', 'r02c02', 'Trống'),
('s014r02c02', 'A14', 'ghế đơn', 'r02c02', 'Trống'),
('s015r02c02', 'A15', 'ghế đơn', 'r02c02', 'Trống'),
('s016r02c02', 'B1', 'ghế đơn', 'r02c02', 'Trống'),
('s017r02c02', 'B2', 'ghế đơn', 'r02c02', 'Trống'),
('s018r02c02', 'B3', 'ghế đơn', 'r02c02', 'Trống'),
('s019r02c02', 'B4', 'ghế đơn', 'r02c02', 'Trống'),
('s020r02c02', 'B5', 'ghế đơn', 'r02c02', 'Trống'),
('s021r02c02', 'B6', 'ghế đơn', 'r02c02', 'Trống'),
('s022r02c02', 'B7', 'ghế đơn', 'r02c02', 'Trống'),
('s023r02c02', 'B8', 'ghế đơn', 'r02c02', 'Trống'),
('s024r02c02', 'B9', 'ghế đơn', 'r02c02', 'Trống'),
('s025r02c02', 'B10', 'ghế đơn', 'r02c02', 'Trống'),
('s026r02c02', 'B11', 'ghế đơn', 'r02c02', 'Trống'),
('s027r02c02', 'B12', 'ghế đơn', 'r02c02', 'Trống'),
('s028r02c02', 'B13', 'ghế đơn', 'r02c02', 'Trống'),
('s029r02c02', 'B14', 'ghế đơn', 'r02c02', 'Trống'),
('s030r02c02', 'B15', 'ghế đơn', 'r02c02', 'Trống'),
('s031r02c02', 'C1', 'ghế đơn', 'r02c02', 'Trống'),
('s032r02c02', 'C2', 'ghế đơn', 'r02c02', 'Trống'),
('s033r02c02', 'C3', 'ghế đơn', 'r02c02', 'Trống'),
('s034r02c02', 'C4', 'ghế đơn', 'r02c02', 'Trống'),
('s035r02c02', 'C5', 'ghế đơn', 'r02c02', 'Trống'),
('s036r02c02', 'C6', 'ghế đơn', 'r02c02', 'Trống'),
('s037r02c02', 'C7', 'ghế đơn', 'r02c02', 'Trống'),
('s038r02c02', 'C8', 'ghế đơn', 'r02c02', 'Trống'),
('s039r02c02', 'C9', 'ghế đơn', 'r02c02', 'Trống'),
('s040r02c02', 'C10', 'ghế đơn', 'r02c02', 'Trống'),
('s041r02c02', 'C11', 'ghế đơn', 'r02c02', 'Trống'),
('s042r02c02', 'C12', 'ghế đơn', 'r02c02', 'Trống'),
('s043r02c02', 'C13', 'ghế đơn', 'r02c02', 'Trống'),
('s044r02c02', 'C14', 'ghế đơn', 'r02c02', 'Trống'),
('s045r02c02', 'C15', 'ghế đơn', 'r02c02', 'Trống'),
('s046r02c02', 'D1', 'ghế đơn', 'r02c02', 'Trống'),
('s047r02c02', 'D2', 'ghế đơn', 'r02c02', 'Trống'),
('s048r02c02', 'D3', 'ghế đơn', 'r02c02', 'Trống'),
('s049r02c02', 'D4', 'ghế đơn', 'r02c02', 'Trống'),
('s050r02c02', 'D5', 'ghế đơn', 'r02c02', 'Trống'),
('s051r02c02', 'D6', 'ghế đơn', 'r02c02', 'Trống'),
('s052r02c02', 'D7', 'ghế đơn', 'r02c02', 'Trống'),
('s053r02c02', 'D8', 'ghế đơn', 'r02c02', 'Trống'),
('s054r02c02', 'D9', 'ghế đơn', 'r02c02', 'Trống'),
('s055r02c02', 'D10', 'ghế đơn', 'r02c02', 'Trống'),
('s056r02c02', 'D11', 'ghế đơn', 'r02c02', 'Trống'),
('s057r02c02', 'D12', 'ghế đơn', 'r02c02', 'Trống'),
('s058r02c02', 'D13', 'ghế đơn', 'r02c02', 'Trống'),
('s059r02c02', 'D14', 'ghế đơn', 'r02c02', 'Trống'),
('s060r02c02', 'D15', 'ghế đơn', 'r02c02', 'Trống'),
('s061r02c02', 'E1', 'ghế đơn', 'r02c02', 'Trống'),
('s062r02c02', 'E2', 'ghế đơn', 'r02c02', 'Trống'),
('s063r02c02', 'E3', 'ghế đơn', 'r02c02', 'Trống'),
('s064r02c02', 'E4', 'ghế đơn', 'r02c02', 'Trống'),
('s065r02c02', 'E5', 'ghế đơn', 'r02c02', 'Trống'),
('s066r02c02', 'E6', 'ghế đơn', 'r02c02', 'Trống'),
('s067r02c02', 'E7', 'ghế đơn', 'r02c02', 'Trống'),
('s068r02c02', 'E8', 'ghế đơn', 'r02c02', 'Trống'),
('s069r02c02', 'E9', 'ghế đơn', 'r02c02', 'Trống'),
('s070r02c02', 'E10', 'ghế đơn', 'r02c02', 'Trống'),
('s071r02c02', 'E11', 'ghế đơn', 'r02c02', 'Trống'),
('s072r02c02', 'E12', 'ghế đơn', 'r02c02', 'Trống'),
('s073r02c02', 'E13', 'ghế đơn', 'r02c02', 'Trống'),
('s074r02c02', 'E14', 'ghế đơn', 'r02c02', 'Trống'),
('s075r02c02', 'E15', 'ghế đơn', 'r02c02', 'Trống'),
('s076r02c02', 'F1', 'ghế đơn', 'r02c02', 'Trống'),
('s077r02c02', 'F2', 'ghế đơn', 'r02c02', 'Trống'),
('s078r02c02', 'F3', 'ghế đơn', 'r02c02', 'Trống'),
('s079r02c02', 'F4', 'ghế đơn', 'r02c02', 'Trống'),
('s080r02c02', 'F5', 'ghế đơn', 'r02c02', 'Trống'),
('s081r02c02', 'F6', 'ghế đơn', 'r02c02', 'Trống'),
('s082r02c02', 'F7', 'ghế đơn', 'r02c02', 'Trống'),
('s083r02c02', 'F8', 'ghế đơn', 'r02c02', 'Trống'),
('s084r02c02', 'F9', 'ghế đơn', 'r02c02', 'Trống'),
('s085r02c02', 'F10', 'ghế đơn', 'r02c02', 'Trống'),
('s086r02c02', 'F11', 'ghế đơn', 'r02c02', 'Trống'),
('s087r02c02', 'F12', 'ghế đơn', 'r02c02', 'Trống'),
('s088r02c02', 'F13', 'ghế đơn', 'r02c02', 'Trống'),
('s089r02c02', 'F14', 'ghế đơn', 'r02c02', 'Trống'),
('s090r02c02', 'F15', 'ghế đơn', 'r02c02', 'Trống'),
('s091r02c02', 'G1', 'ghế đơn', 'r02c02', 'Trống'),
('s092r02c02', 'G2', 'ghế đơn', 'r02c02', 'Trống'),
('s093r02c02', 'G3', 'ghế đơn', 'r02c02', 'Trống'),
('s094r02c02', 'G4', 'ghế đơn', 'r02c02', 'Trống'),
('s095r02c02', 'G5', 'ghế đơn', 'r02c02', 'Trống'),
('s096r02c02', 'G6', 'ghế đơn', 'r02c02', 'Trống'),
('s097r02c02', 'G7', 'ghế đơn', 'r02c02', 'Trống'),
('s098r02c02', 'G8', 'ghế đơn', 'r02c02', 'Trống'),
('s099r02c02', 'G9', 'ghế đơn', 'r02c02', 'Trống'),
('s100r02c02', 'G10', 'ghế đơn', 'r02c02', 'Trống'),
('s101r02c02', 'G11', 'ghế đơn', 'r02c02', 'Trống'),
('s102r02c02', 'G12', 'ghế đơn', 'r02c02', 'Trống'),
('s103r02c02', 'G13', 'ghế đơn', 'r02c02', 'Trống'),
('s104r02c02', 'G14', 'ghế đơn', 'r02c02', 'Trống'),
('s105r02c02', 'G15', 'ghế đơn', 'r02c02', 'Trống'),
('s106r02c02', 'H1', 'ghế đơn', 'r02c02', 'Trống'),
('s107r02c02', 'H2', 'ghế đơn', 'r02c02', 'Trống'),
('s108r02c02', 'H3', 'ghế đơn', 'r02c02', 'Trống'),
('s109r02c02', 'H4', 'ghế đơn', 'r02c02', 'Trống'),
('s110r02c02', 'H5', 'ghế đơn', 'r02c02', 'Trống'),
('s111r02c02', 'H6', 'ghế đơn', 'r02c02', 'Trống'),
('s112r02c02', 'H7', 'ghế đơn', 'r02c02', 'Trống'),
('s113r02c02', 'H8', 'ghế đơn', 'r02c02', 'Trống'),
('s114r02c02', 'H9', 'ghế đơn', 'r02c02', 'Trống'),
('s115r02c02', 'H10', 'ghế đơn', 'r02c02', 'Trống'),
('s116r02c02', 'H11', 'ghế đơn', 'r02c02', 'Trống'),
('s117r02c02', 'H12', 'ghế đơn', 'r02c02', 'Trống'),
('s118r02c02', 'H13', 'ghế đơn', 'r02c02', 'Trống'),
('s119r02c02', 'H14', 'ghế đơn', 'r02c02', 'Trống'),
('s120r02c02', 'I15', 'ghế đơn', 'r02c02', 'Trống'),
('s121r02c02', 'I1', 'ghế đơn', 'r02c02', 'Trống'),
('s122r02c02', 'I2', 'ghế đơn', 'r02c02', 'Trống'),
('s123r02c02', 'I3', 'ghế đơn', 'r02c02', 'Trống'),
('s124r02c02', 'I4', 'ghế đơn', 'r02c02', 'Trống'),
('s125r02c02', 'I5', 'ghế đơn', 'r02c02', 'Trống'),
('s126r02c02', 'I6', 'ghế đơn', 'r02c02', 'Trống'),
('s127r02c02', 'I7', 'ghế đơn', 'r02c02', 'Trống'),
('s128r02c02', 'I8', 'ghế đơn', 'r02c02', 'Trống'),
('s129r02c02', 'I9', 'ghế đơn', 'r02c02', 'Trống'),
('s130r02c02', 'I10', 'ghế đơn', 'r02c02', 'Trống'),
('s131r02c02', 'I11', 'ghế đơn', 'r02c02', 'Trống'),
('s132r02c02', 'I12', 'ghế đơn', 'r02c02', 'Trống'),
('s133r02c02', 'I13', 'ghế đơn', 'r02c02', 'Trống'),
('s134r02c02', 'I14', 'ghế đơn', 'r02c02', 'Trống'),
('s135r02c02', 'I15', 'ghế đơn', 'r02c02', 'Trống'),
('s001r01c03', 'A1', 'ghế đơn', 'r01c03', 'Đã đặt'),
('s002r01c03', 'A2', 'ghế đơn', 'r01c03', 'Đã đặt'),
('s003r01c03', 'A3', 'ghế đơn', 'r01c03', 'Đã đặt'),
('s004r01c03', 'A4', 'ghế đơn', 'r01c03', 'Đã đặt'),
('s005r01c03', 'A5', 'ghế đơn', 'r01c03', 'Đã đặt'),
('s006r01c03', 'A6', 'ghế đơn', 'r01c03', 'Trống'),
('s007r01c03', 'A7', 'ghế đơn', 'r01c03', 'Trống'),
('s008r01c03', 'A8', 'ghế đơn', 'r01c03', 'Trống'),
('s009r01c03', 'A9', 'ghế đơn', 'r01c03', 'Trống'),
('s010r01c03', 'A10', 'ghế đơn', 'r01c03', 'Trống'),
('s011r01c03', 'A11', 'ghế đơn', 'r01c03', 'Trống'),
('s012r01c03', 'A12', 'ghế đơn', 'r01c03', 'Trống'),
('s013r01c03', 'A13', 'ghế đơn', 'r01c03', 'Trống'),
('s014r01c03', 'A14', 'ghế đơn', 'r01c03', 'Trống'),
('s015r01c03', 'A15', 'ghế đơn', 'r01c03', 'Trống'),
('s016r01c03', 'B1', 'ghế đơn', 'r01c03', 'Trống'),
('s017r01c03', 'B2', 'ghế đơn', 'r01c03', 'Trống'),
('s018r01c03', 'B3', 'ghế đơn', 'r01c03', 'Trống'),
('s019r01c03', 'B4', 'ghế đơn', 'r01c03', 'Trống'),
('s020r01c03', 'B5', 'ghế đơn', 'r01c03', 'Trống'),
('s021r01c03', 'B6', 'ghế đơn', 'r01c03', 'Trống'),
('s022r01c03', 'B7', 'ghế đơn', 'r01c03', 'Trống'),
('s023r01c03', 'B8', 'ghế đơn', 'r01c03', 'Trống'),
('s024r01c03', 'B9', 'ghế đơn', 'r01c03', 'Trống'),
('s025r01c03', 'B10', 'ghế đơn', 'r01c03', 'Trống'),
('s026r01c03', 'B11', 'ghế đơn', 'r01c03', 'Trống'),
('s027r01c03', 'B12', 'ghế đơn', 'r01c03', 'Trống'),
('s028r01c03', 'B13', 'ghế đơn', 'r01c03', 'Trống'),
('s029r01c03', 'B14', 'ghế đơn', 'r01c03', 'Trống'),
('s030r01c03', 'B15', 'ghế đơn', 'r01c03', 'Trống'),
('s031r01c03', 'C1', 'ghế đơn', 'r01c03', 'Trống'),
('s032r01c03', 'C2', 'ghế đơn', 'r01c03', 'Trống'),
('s033r01c03', 'C3', 'ghế đơn', 'r01c03', 'Trống'),
('s034r01c03', 'C4', 'ghế đơn', 'r01c03', 'Trống'),
('s035r01c03', 'C5', 'ghế đơn', 'r01c03', 'Trống'),
('s036r01c03', 'C6', 'ghế đơn', 'r01c03', 'Trống'),
('s037r01c03', 'C7', 'ghế đơn', 'r01c03', 'Trống'),
('s038r01c03', 'C8', 'ghế đơn', 'r01c03', 'Trống'),
('s039r01c03', 'C9', 'ghế đơn', 'r01c03', 'Trống'),
('s040r01c03', 'C10', 'ghế đơn', 'r01c03', 'Trống'),
('s041r01c03', 'C11', 'ghế đơn', 'r01c03', 'Trống'),
('s042r01c03', 'C12', 'ghế đơn', 'r01c03', 'Trống'),
('s043r01c03', 'C13', 'ghế đơn', 'r01c03', 'Trống'),
('s044r01c03', 'C14', 'ghế đơn', 'r01c03', 'Trống'),
('s045r01c03', 'C15', 'ghế đơn', 'r01c03', 'Trống'),
('s046r01c03', 'D1', 'ghế đơn', 'r01c03', 'Trống'),
('s047r01c03', 'D2', 'ghế đơn', 'r01c03', 'Trống'),
('s048r01c03', 'D3', 'ghế đơn', 'r01c03', 'Trống'),
('s049r01c03', 'D4', 'ghế đơn', 'r01c03', 'Trống'),
('s050r01c03', 'D5', 'ghế đơn', 'r01c03', 'Trống'),
('s051r01c03', 'D6', 'ghế đơn', 'r01c03', 'Trống'),
('s052r01c03', 'D7', 'ghế đơn', 'r01c03', 'Trống'),
('s053r01c03', 'D8', 'ghế đơn', 'r01c03', 'Trống'),
('s054r01c03', 'D9', 'ghế đơn', 'r01c03', 'Trống'),
('s055r01c03', 'D10', 'ghế đơn', 'r01c03', 'Trống'),
('s056r01c03', 'D11', 'ghế đơn', 'r01c03', 'Trống'),
('s057r01c03', 'D12', 'ghế đơn', 'r01c03', 'Trống'),
('s058r01c03', 'D13', 'ghế đơn', 'r01c03', 'Trống'),
('s059r01c03', 'D14', 'ghế đơn', 'r01c03', 'Trống'),
('s060r01c03', 'D15', 'ghế đơn', 'r01c03', 'Trống'),
('s061r01c03', 'E1', 'ghế đơn', 'r01c03', 'Trống'),
('s062r01c03', 'E2', 'ghế đơn', 'r01c03', 'Trống'),
('s063r01c03', 'E3', 'ghế đơn', 'r01c03', 'Trống'),
('s064r01c03', 'E4', 'ghế đơn', 'r01c03', 'Trống'),
('s065r01c03', 'E5', 'ghế đơn', 'r01c03', 'Trống'),
('s066r01c03', 'E6', 'ghế đơn', 'r01c03', 'Trống'),
('s067r01c03', 'E7', 'ghế đơn', 'r01c03', 'Trống'),
('s068r01c03', 'E8', 'ghế đơn', 'r01c03', 'Trống'),
('s069r01c03', 'E9', 'ghế đơn', 'r01c03', 'Trống'),
('s070r01c03', 'E10', 'ghế đơn', 'r01c03', 'Trống'),
('s071r01c03', 'E11', 'ghế đơn', 'r01c03', 'Trống'),
('s072r01c03', 'E12', 'ghế đơn', 'r01c03', 'Trống'),
('s073r01c03', 'E13', 'ghế đơn', 'r01c03', 'Trống'),
('s074r01c03', 'E14', 'ghế đơn', 'r01c03', 'Trống'),
('s075r01c03', 'E15', 'ghế đơn', 'r01c03', 'Trống'),
('s076r01c03', 'F1', 'ghế đơn', 'r01c03', 'Trống'),
('s077r01c03', 'F2', 'ghế đơn', 'r01c03', 'Trống'),
('s078r01c03', 'F3', 'ghế đơn', 'r01c03', 'Trống'),
('s079r01c03', 'F4', 'ghế đơn', 'r01c03', 'Trống'),
('s080r01c03', 'F5', 'ghế đơn', 'r01c03', 'Trống'),
('s081r01c03', 'F6', 'ghế đơn', 'r01c03', 'Trống'),
('s082r01c03', 'F7', 'ghế đơn', 'r01c03', 'Trống'),
('s083r01c03', 'F8', 'ghế đơn', 'r01c03', 'Trống'),
('s084r01c03', 'F9', 'ghế đơn', 'r01c03', 'Trống'),
('s085r01c03', 'F10', 'ghế đơn', 'r01c03', 'Trống'),
('s086r01c03', 'F11', 'ghế đơn', 'r01c03', 'Trống'),
('s087r01c03', 'F12', 'ghế đơn', 'r01c03', 'Trống'),
('s088r01c03', 'F13', 'ghế đơn', 'r01c03', 'Trống'),
('s089r01c03', 'F14', 'ghế đơn', 'r01c03', 'Trống'),
('s090r01c03', 'F15', 'ghế đơn', 'r01c03', 'Trống'),
('s091r01c03', 'G1', 'ghế đơn', 'r01c03', 'Trống'),
('s092r01c03', 'G2', 'ghế đơn', 'r01c03', 'Trống'),
('s093r01c03', 'G3', 'ghế đơn', 'r01c03', 'Trống'),
('s094r01c03', 'G4', 'ghế đơn', 'r01c03', 'Trống'),
('s095r01c03', 'G5', 'ghế đơn', 'r01c03', 'Trống'),
('s096r01c03', 'G6', 'ghế đơn', 'r01c03', 'Trống'),
('s097r01c03', 'G7', 'ghế đơn', 'r01c03', 'Trống'),
('s098r01c03', 'G8', 'ghế đơn', 'r01c03', 'Trống'),
('s099r01c03', 'G9', 'ghế đơn', 'r01c03', 'Trống'),
('s100r01c03', 'G10', 'ghế đơn', 'r01c03', 'Trống'),
('s101r01c03', 'G11', 'ghế đơn', 'r01c03', 'Trống'),
('s102r01c03', 'G12', 'ghế đơn', 'r01c03', 'Trống'),
('s103r01c03', 'G13', 'ghế đơn', 'r01c03', 'Trống'),
('s104r01c03', 'G14', 'ghế đơn', 'r01c03', 'Trống'),
('s105r01c03', 'G15', 'ghế đơn', 'r01c03', 'Trống'),
('s106r01c03', 'H1', 'ghế đơn', 'r01c03', 'Trống'),
('s107r01c03', 'H2', 'ghế đơn', 'r01c03', 'Trống'),
('s108r01c03', 'H3', 'ghế đơn', 'r01c03', 'Trống'),
('s109r01c03', 'H4', 'ghế đơn', 'r01c03', 'Trống'),
('s110r01c03', 'H5', 'ghế đơn', 'r01c03', 'Trống'),
('s111r01c03', 'H6', 'ghế đơn', 'r01c03', 'Trống'),
('s112r01c03', 'H7', 'ghế đơn', 'r01c03', 'Trống'),
('s113r01c03', 'H8', 'ghế đơn', 'r01c03', 'Trống'),
('s114r01c03', 'H9', 'ghế đơn', 'r01c03', 'Trống'),
('s115r01c03', 'H10', 'ghế đơn', 'r01c03', 'Trống'),
('s116r01c03', 'H11', 'ghế đơn', 'r01c03', 'Trống'),
('s117r01c03', 'H12', 'ghế đơn', 'r01c03', 'Trống'),
('s118r01c03', 'H13', 'ghế đơn', 'r01c03', 'Trống'),
('s119r01c03', 'H14', 'ghế đơn', 'r01c03', 'Trống'),
('s120r01c03', 'I15', 'ghế đơn', 'r01c03', 'Trống'),
('s121r01c03', 'I1', 'ghế đơn', 'r01c03', 'Trống'),
('s122r01c03', 'I2', 'ghế đơn', 'r01c03', 'Trống'),
('s123r01c03', 'I3', 'ghế đơn', 'r01c03', 'Trống'),
('s124r01c03', 'I4', 'ghế đơn', 'r01c03', 'Trống'),
('s125r01c03', 'I5', 'ghế đơn', 'r01c03', 'Trống'),
('s126r01c03', 'I6', 'ghế đơn', 'r01c03', 'Trống'),
('s127r01c03', 'I7', 'ghế đơn', 'r01c03', 'Trống'),
('s128r01c03', 'I8', 'ghế đơn', 'r01c03', 'Trống'),
('s129r01c03', 'I9', 'ghế đơn', 'r01c03', 'Trống'),
('s130r01c03', 'I10', 'ghế đơn', 'r01c03', 'Trống'),
('s131r01c03', 'I11', 'ghế đơn', 'r01c03', 'Trống'),
('s132r01c03', 'I12', 'ghế đơn', 'r01c03', 'Trống'),
('s133r01c03', 'I13', 'ghế đơn', 'r01c03', 'Trống'),
('s134r01c03', 'I14', 'ghế đơn', 'r01c03', 'Trống'),
('s135r01c03', 'I15', 'ghế đơn', 'r01c03', 'Trống'),
('s001r02c03', 'A1', 'ghế đơn', 'r02c03', 'Đã đặt'),
('s002r02c03', 'A2', 'ghế đơn', 'r02c03', 'Đã đặt'),
('s003r02c03', 'A3', 'ghế đơn', 'r02c03', 'Đã đặt'),
('s004r02c03', 'A4', 'ghế đơn', 'r02c03', 'Đã đặt'),
('s005r02c03', 'A5', 'ghế đơn', 'r02c03', 'Đã đặt'),
('s006r02c03', 'A6', 'ghế đơn', 'r02c03', 'Trống'),
('s007r02c03', 'A7', 'ghế đơn', 'r02c03', 'Trống'),
('s008r02c03', 'A8', 'ghế đơn', 'r02c03', 'Trống'),
('s009r02c03', 'A9', 'ghế đơn', 'r02c03', 'Trống'),
('s010r02c03', 'A10', 'ghế đơn', 'r02c03', 'Trống'),
('s011r02c03', 'A11', 'ghế đơn', 'r02c03', 'Trống'),
('s012r02c03', 'A12', 'ghế đơn', 'r02c03', 'Trống'),
('s013r02c03', 'A13', 'ghế đơn', 'r02c03', 'Trống'),
('s014r02c03', 'A14', 'ghế đơn', 'r02c03', 'Trống'),
('s015r02c03', 'A15', 'ghế đơn', 'r02c03', 'Trống'),
('s016r02c03', 'B1', 'ghế đơn', 'r02c03', 'Trống'),
('s017r02c03', 'B2', 'ghế đơn', 'r02c03', 'Trống'),
('s018r02c03', 'B3', 'ghế đơn', 'r02c03', 'Trống'),
('s019r02c03', 'B4', 'ghế đơn', 'r02c03', 'Trống'),
('s020r02c03', 'B5', 'ghế đơn', 'r02c03', 'Trống'),
('s021r02c03', 'B6', 'ghế đơn', 'r02c03', 'Trống'),
('s022r02c03', 'B7', 'ghế đơn', 'r02c03', 'Trống'),
('s023r02c03', 'B8', 'ghế đơn', 'r02c03', 'Trống'),
('s024r02c03', 'B9', 'ghế đơn', 'r02c03', 'Trống'),
('s025r02c03', 'B10', 'ghế đơn', 'r02c03', 'Trống'),
('s026r02c03', 'B11', 'ghế đơn', 'r02c03', 'Trống'),
('s027r02c03', 'B12', 'ghế đơn', 'r02c03', 'Trống'),
('s028r02c03', 'B13', 'ghế đơn', 'r02c03', 'Trống'),
('s029r02c03', 'B14', 'ghế đơn', 'r02c03', 'Trống'),
('s030r02c03', 'B15', 'ghế đơn', 'r02c03', 'Trống'),
('s031r02c03', 'C1', 'ghế đơn', 'r02c03', 'Trống'),
('s032r02c03', 'C2', 'ghế đơn', 'r02c03', 'Trống'),
('s033r02c03', 'C3', 'ghế đơn', 'r02c03', 'Trống'),
('s034r02c03', 'C4', 'ghế đơn', 'r02c03', 'Trống'),
('s035r02c03', 'C5', 'ghế đơn', 'r02c03', 'Trống'),
('s036r02c03', 'C6', 'ghế đơn', 'r02c03', 'Trống'),
('s037r02c03', 'C7', 'ghế đơn', 'r02c03', 'Trống'),
('s038r02c03', 'C8', 'ghế đơn', 'r02c03', 'Trống'),
('s039r02c03', 'C9', 'ghế đơn', 'r02c03', 'Trống'),
('s040r02c03', 'C10', 'ghế đơn', 'r02c03', 'Trống'),
('s041r02c03', 'C11', 'ghế đơn', 'r02c03', 'Trống'),
('s042r02c03', 'C12', 'ghế đơn', 'r02c03', 'Trống'),
('s043r02c03', 'C13', 'ghế đơn', 'r02c03', 'Trống'),
('s044r02c03', 'C14', 'ghế đơn', 'r02c03', 'Trống'),
('s045r02c03', 'C15', 'ghế đơn', 'r02c03', 'Trống'),
('s046r02c03', 'D1', 'ghế đơn', 'r02c03', 'Trống'),
('s047r02c03', 'D2', 'ghế đơn', 'r02c03', 'Trống'),
('s048r02c03', 'D3', 'ghế đơn', 'r02c03', 'Trống'),
('s049r02c03', 'D4', 'ghế đơn', 'r02c03', 'Trống'),
('s050r02c03', 'D5', 'ghế đơn', 'r02c03', 'Trống'),
('s051r02c03', 'D6', 'ghế đơn', 'r02c03', 'Trống'),
('s052r02c03', 'D7', 'ghế đơn', 'r02c03', 'Trống'),
('s053r02c03', 'D8', 'ghế đơn', 'r02c03', 'Trống'),
('s054r02c03', 'D9', 'ghế đơn', 'r02c03', 'Trống'),
('s055r02c03', 'D10', 'ghế đơn', 'r02c03', 'Trống'),
('s056r02c03', 'D11', 'ghế đơn', 'r02c03', 'Trống'),
('s057r02c03', 'D12', 'ghế đơn', 'r02c03', 'Trống'),
('s058r02c03', 'D13', 'ghế đơn', 'r02c03', 'Trống'),
('s059r02c03', 'D14', 'ghế đơn', 'r02c03', 'Trống'),
('s060r02c03', 'D15', 'ghế đơn', 'r02c03', 'Trống'),
('s061r02c03', 'E1', 'ghế đơn', 'r02c03', 'Trống'),
('s062r02c03', 'E2', 'ghế đơn', 'r02c03', 'Trống'),
('s063r02c03', 'E3', 'ghế đơn', 'r02c03', 'Trống'),
('s064r02c03', 'E4', 'ghế đơn', 'r02c03', 'Trống'),
('s065r02c03', 'E5', 'ghế đơn', 'r02c03', 'Trống'),
('s066r02c03', 'E6', 'ghế đơn', 'r02c03', 'Trống'),
('s067r02c03', 'E7', 'ghế đơn', 'r02c03', 'Trống'),
('s068r02c03', 'E8', 'ghế đơn', 'r02c03', 'Trống'),
('s069r02c03', 'E9', 'ghế đơn', 'r02c03', 'Trống'),
('s070r02c03', 'E10', 'ghế đơn', 'r02c03', 'Trống'),
('s071r02c03', 'E11', 'ghế đơn', 'r02c03', 'Trống'),
('s072r02c03', 'E12', 'ghế đơn', 'r02c03', 'Trống'),
('s073r02c03', 'E13', 'ghế đơn', 'r02c03', 'Trống'),
('s074r02c03', 'E14', 'ghế đơn', 'r02c03', 'Trống'),
('s075r02c03', 'E15', 'ghế đơn', 'r02c03', 'Trống'),
('s076r02c03', 'F1', 'ghế đơn', 'r02c03', 'Trống'),
('s077r02c03', 'F2', 'ghế đơn', 'r02c03', 'Trống'),
('s078r02c03', 'F3', 'ghế đơn', 'r02c03', 'Trống'),
('s079r02c03', 'F4', 'ghế đơn', 'r02c03', 'Trống'),
('s080r02c03', 'F5', 'ghế đơn', 'r02c03', 'Trống'),
('s081r02c03', 'F6', 'ghế đơn', 'r02c03', 'Trống'),
('s082r02c03', 'F7', 'ghế đơn', 'r02c03', 'Trống'),
('s083r02c03', 'F8', 'ghế đơn', 'r02c03', 'Trống'),
('s084r02c03', 'F9', 'ghế đơn', 'r02c03', 'Trống'),
('s085r02c03', 'F10', 'ghế đơn', 'r02c03', 'Trống'),
('s086r02c03', 'F11', 'ghế đơn', 'r02c03', 'Trống'),
('s087r02c03', 'F12', 'ghế đơn', 'r02c03', 'Trống'),
('s088r02c03', 'F13', 'ghế đơn', 'r02c03', 'Trống'),
('s089r02c03', 'F14', 'ghế đơn', 'r02c03', 'Trống'),
('s090r02c03', 'F15', 'ghế đơn', 'r02c03', 'Trống'),
('s091r02c03', 'G1', 'ghế đơn', 'r02c03', 'Trống'),
('s092r02c03', 'G2', 'ghế đơn', 'r02c03', 'Trống'),
('s093r02c03', 'G3', 'ghế đơn', 'r02c03', 'Trống'),
('s094r02c03', 'G4', 'ghế đơn', 'r02c03', 'Trống'),
('s095r02c03', 'G5', 'ghế đơn', 'r02c03', 'Trống'),
('s096r02c03', 'G6', 'ghế đơn', 'r02c03', 'Trống'),
('s097r02c03', 'G7', 'ghế đơn', 'r02c03', 'Trống'),
('s098r02c03', 'G8', 'ghế đơn', 'r02c03', 'Trống'),
('s099r02c03', 'G9', 'ghế đơn', 'r02c03', 'Trống'),
('s100r02c03', 'G10', 'ghế đơn', 'r02c03', 'Trống'),
('s101r02c03', 'G11', 'ghế đơn', 'r02c03', 'Trống'),
('s102r02c03', 'G12', 'ghế đơn', 'r02c03', 'Trống'),
('s103r02c03', 'G13', 'ghế đơn', 'r02c03', 'Trống'),
('s104r02c03', 'G14', 'ghế đơn', 'r02c03', 'Trống'),
('s105r02c03', 'G15', 'ghế đơn', 'r02c03', 'Trống'),
('s106r02c03', 'H1', 'ghế đơn', 'r02c03', 'Trống'),
('s107r02c03', 'H2', 'ghế đơn', 'r02c03', 'Trống'),
('s108r02c03', 'H3', 'ghế đơn', 'r02c03', 'Trống'),
('s109r02c03', 'H4', 'ghế đơn', 'r02c03', 'Trống'),
('s110r02c03', 'H5', 'ghế đơn', 'r02c03', 'Trống'),
('s111r02c03', 'H6', 'ghế đơn', 'r02c03', 'Trống'),
('s112r02c03', 'H7', 'ghế đơn', 'r02c03', 'Trống'),
('s113r02c03', 'H8', 'ghế đơn', 'r02c03', 'Trống'),
('s114r02c03', 'H9', 'ghế đơn', 'r02c03', 'Trống'),
('s115r02c03', 'H10', 'ghế đơn', 'r02c03', 'Trống'),
('s116r02c03', 'H11', 'ghế đơn', 'r02c03', 'Trống'),
('s117r02c03', 'H12', 'ghế đơn', 'r02c03', 'Trống'),
('s118r02c03', 'H13', 'ghế đơn', 'r02c03', 'Trống'),
('s119r02c03', 'H14', 'ghế đơn', 'r02c03', 'Trống'),
('s120r02c03', 'I15', 'ghế đơn', 'r02c03', 'Trống'),
('s121r02c03', 'I1', 'ghế đơn', 'r02c03', 'Trống'),
('s122r02c03', 'I2', 'ghế đơn', 'r02c03', 'Trống'),
('s123r02c03', 'I3', 'ghế đơn', 'r02c03', 'Trống'),
('s124r02c03', 'I4', 'ghế đơn', 'r02c03', 'Trống'),
('s125r02c03', 'I5', 'ghế đơn', 'r02c03', 'Trống'),
('s126r02c03', 'I6', 'ghế đơn', 'r02c03', 'Trống'),
('s127r02c03', 'I7', 'ghế đơn', 'r02c03', 'Trống'),
('s128r02c03', 'I8', 'ghế đơn', 'r02c03', 'Trống'),
('s129r02c03', 'I9', 'ghế đơn', 'r02c03', 'Trống'),
('s130r02c03', 'I10', 'ghế đơn', 'r02c03', 'Trống'),
('s131r02c03', 'I11', 'ghế đơn', 'r02c03', 'Trống'),
('s132r02c03', 'I12', 'ghế đơn', 'r02c03', 'Trống'),
('s133r02c03', 'I13', 'ghế đơn', 'r02c03', 'Trống'),
('s134r02c03', 'I14', 'ghế đơn', 'r02c03', 'Trống'),
('s135r02c03', 'I15', 'ghế đơn', 'r02c03', 'Trống'),
('s001r01c04', 'A1', 'ghế đơn', 'r01c04', 'Đã đặt'),
('s002r01c04', 'A2', 'ghế đơn', 'r01c04', 'Đã đặt'),
('s003r01c04', 'A3', 'ghế đơn', 'r01c04', 'Đã đặt'),
('s004r01c04', 'A4', 'ghế đơn', 'r01c04', 'Đã đặt'),
('s005r01c04', 'A5', 'ghế đơn', 'r01c04', 'Đã đặt'),
('s006r01c04', 'A6', 'ghế đơn', 'r01c04', 'Trống'),
('s007r01c04', 'A7', 'ghế đơn', 'r01c04', 'Trống'),
('s008r01c04', 'A8', 'ghế đơn', 'r01c04', 'Trống'),
('s009r01c04', 'A9', 'ghế đơn', 'r01c04', 'Trống'),
('s010r01c04', 'A10', 'ghế đơn', 'r01c04', 'Trống'),
('s011r01c04', 'A11', 'ghế đơn', 'r01c04', 'Trống'),
('s012r01c04', 'A12', 'ghế đơn', 'r01c04', 'Trống'),
('s013r01c04', 'A13', 'ghế đơn', 'r01c04', 'Trống'),
('s014r01c04', 'A14', 'ghế đơn', 'r01c04', 'Trống'),
('s015r01c04', 'A15', 'ghế đơn', 'r01c04', 'Trống'),
('s016r01c04', 'B1', 'ghế đơn', 'r01c04', 'Trống'),
('s017r01c04', 'B2', 'ghế đơn', 'r01c04', 'Trống'),
('s018r01c04', 'B3', 'ghế đơn', 'r01c04', 'Trống'),
('s019r01c04', 'B4', 'ghế đơn', 'r01c04', 'Trống'),
('s020r01c04', 'B5', 'ghế đơn', 'r01c04', 'Trống'),
('s021r01c04', 'B6', 'ghế đơn', 'r01c04', 'Trống'),
('s022r01c04', 'B7', 'ghế đơn', 'r01c04', 'Trống'),
('s023r01c04', 'B8', 'ghế đơn', 'r01c04', 'Trống'),
('s024r01c04', 'B9', 'ghế đơn', 'r01c04', 'Trống'),
('s025r01c04', 'B10', 'ghế đơn', 'r01c04', 'Trống'),
('s026r01c04', 'B11', 'ghế đơn', 'r01c04', 'Trống'),
('s027r01c04', 'B12', 'ghế đơn', 'r01c04', 'Trống'),
('s028r01c04', 'B13', 'ghế đơn', 'r01c04', 'Trống'),
('s029r01c04', 'B14', 'ghế đơn', 'r01c04', 'Trống'),
('s030r01c04', 'B15', 'ghế đơn', 'r01c04', 'Trống'),
('s031r01c04', 'C1', 'ghế đơn', 'r01c04', 'Trống'),
('s032r01c04', 'C2', 'ghế đơn', 'r01c04', 'Trống'),
('s033r01c04', 'C3', 'ghế đơn', 'r01c04', 'Trống'),
('s034r01c04', 'C4', 'ghế đơn', 'r01c04', 'Trống'),
('s035r01c04', 'C5', 'ghế đơn', 'r01c04', 'Trống'),
('s036r01c04', 'C6', 'ghế đơn', 'r01c04', 'Trống'),
('s037r01c04', 'C7', 'ghế đơn', 'r01c04', 'Trống'),
('s038r01c04', 'C8', 'ghế đơn', 'r01c04', 'Trống'),
('s039r01c04', 'C9', 'ghế đơn', 'r01c04', 'Trống'),
('s040r01c04', 'C10', 'ghế đơn', 'r01c04', 'Trống'),
('s041r01c04', 'C11', 'ghế đơn', 'r01c04', 'Trống'),
('s042r01c04', 'C12', 'ghế đơn', 'r01c04', 'Trống'),
('s043r01c04', 'C13', 'ghế đơn', 'r01c04', 'Trống'),
('s044r01c04', 'C14', 'ghế đơn', 'r01c04', 'Trống'),
('s045r01c04', 'C15', 'ghế đơn', 'r01c04', 'Trống'),
('s046r01c04', 'D1', 'ghế đơn', 'r01c04', 'Trống'),
('s047r01c04', 'D2', 'ghế đơn', 'r01c04', 'Trống'),
('s048r01c04', 'D3', 'ghế đơn', 'r01c04', 'Trống'),
('s049r01c04', 'D4', 'ghế đơn', 'r01c04', 'Trống'),
('s050r01c04', 'D5', 'ghế đơn', 'r01c04', 'Trống'),
('s051r01c04', 'D6', 'ghế đơn', 'r01c04', 'Trống'),
('s052r01c04', 'D7', 'ghế đơn', 'r01c04', 'Trống'),
('s053r01c04', 'D8', 'ghế đơn', 'r01c04', 'Trống'),
('s054r01c04', 'D9', 'ghế đơn', 'r01c04', 'Trống'),
('s055r01c04', 'D10', 'ghế đơn', 'r01c04', 'Trống'),
('s056r01c04', 'D11', 'ghế đơn', 'r01c04', 'Trống'),
('s057r01c04', 'D12', 'ghế đơn', 'r01c04', 'Trống'),
('s058r01c04', 'D13', 'ghế đơn', 'r01c04', 'Trống'),
('s059r01c04', 'D14', 'ghế đơn', 'r01c04', 'Trống'),
('s060r01c04', 'D15', 'ghế đơn', 'r01c04', 'Trống'),
('s061r01c04', 'E1', 'ghế đơn', 'r01c04', 'Trống'),
('s062r01c04', 'E2', 'ghế đơn', 'r01c04', 'Trống'),
('s063r01c04', 'E3', 'ghế đơn', 'r01c04', 'Trống'),
('s064r01c04', 'E4', 'ghế đơn', 'r01c04', 'Trống'),
('s065r01c04', 'E5', 'ghế đơn', 'r01c04', 'Trống'),
('s066r01c04', 'E6', 'ghế đơn', 'r01c04', 'Trống'),
('s067r01c04', 'E7', 'ghế đơn', 'r01c04', 'Trống'),
('s068r01c04', 'E8', 'ghế đơn', 'r01c04', 'Trống'),
('s069r01c04', 'E9', 'ghế đơn', 'r01c04', 'Trống'),
('s070r01c04', 'E10', 'ghế đơn', 'r01c04', 'Trống'),
('s071r01c04', 'E11', 'ghế đơn', 'r01c04', 'Trống'),
('s072r01c04', 'E12', 'ghế đơn', 'r01c04', 'Trống'),
('s073r01c04', 'E13', 'ghế đơn', 'r01c04', 'Trống'),
('s074r01c04', 'E14', 'ghế đơn', 'r01c04', 'Trống'),
('s075r01c04', 'E15', 'ghế đơn', 'r01c04', 'Trống'),
('s076r01c04', 'F1', 'ghế đơn', 'r01c04', 'Trống'),
('s077r01c04', 'F2', 'ghế đơn', 'r01c04', 'Trống'),
('s078r01c04', 'F3', 'ghế đơn', 'r01c04', 'Trống'),
('s079r01c04', 'F4', 'ghế đơn', 'r01c04', 'Trống'),
('s080r01c04', 'F5', 'ghế đơn', 'r01c04', 'Trống'),
('s081r01c04', 'F6', 'ghế đơn', 'r01c04', 'Trống'),
('s082r01c04', 'F7', 'ghế đơn', 'r01c04', 'Trống'),
('s083r01c04', 'F8', 'ghế đơn', 'r01c04', 'Trống'),
('s084r01c04', 'F9', 'ghế đơn', 'r01c04', 'Trống'),
('s085r01c04', 'F10', 'ghế đơn', 'r01c04', 'Trống'),
('s086r01c04', 'F11', 'ghế đơn', 'r01c04', 'Trống'),
('s087r01c04', 'F12', 'ghế đơn', 'r01c04', 'Trống'),
('s088r01c04', 'F13', 'ghế đơn', 'r01c04', 'Trống'),
('s089r01c04', 'F14', 'ghế đơn', 'r01c04', 'Trống'),
('s090r01c04', 'F15', 'ghế đơn', 'r01c04', 'Trống'),
('s091r01c04', 'G1', 'ghế đơn', 'r01c04', 'Trống'),
('s092r01c04', 'G2', 'ghế đơn', 'r01c04', 'Trống'),
('s093r01c04', 'G3', 'ghế đơn', 'r01c04', 'Trống'),
('s094r01c04', 'G4', 'ghế đơn', 'r01c04', 'Trống'),
('s095r01c04', 'G5', 'ghế đơn', 'r01c04', 'Trống'),
('s096r01c04', 'G6', 'ghế đơn', 'r01c04', 'Trống'),
('s097r01c04', 'G7', 'ghế đơn', 'r01c04', 'Trống'),
('s098r01c04', 'G8', 'ghế đơn', 'r01c04', 'Trống'),
('s099r01c04', 'G9', 'ghế đơn', 'r01c04', 'Trống'),
('s100r01c04', 'G10', 'ghế đơn', 'r01c04', 'Trống'),
('s101r01c04', 'G11', 'ghế đơn', 'r01c04', 'Trống'),
('s102r01c04', 'G12', 'ghế đơn', 'r01c04', 'Trống'),
('s103r01c04', 'G13', 'ghế đơn', 'r01c04', 'Trống'),
('s104r01c04', 'G14', 'ghế đơn', 'r01c04', 'Trống'),
('s105r01c04', 'G15', 'ghế đơn', 'r01c04', 'Trống'),
('s106r01c04', 'H1', 'ghế đơn', 'r01c04', 'Trống'),
('s107r01c04', 'H2', 'ghế đơn', 'r01c04', 'Trống'),
('s108r01c04', 'H3', 'ghế đơn', 'r01c04', 'Trống'),
('s109r01c04', 'H4', 'ghế đơn', 'r01c04', 'Trống'),
('s110r01c04', 'H5', 'ghế đơn', 'r01c04', 'Trống'),
('s111r01c04', 'H6', 'ghế đơn', 'r01c04', 'Trống'),
('s112r01c04', 'H7', 'ghế đơn', 'r01c04', 'Trống'),
('s113r01c04', 'H8', 'ghế đơn', 'r01c04', 'Trống'),
('s114r01c04', 'H9', 'ghế đơn', 'r01c04', 'Trống'),
('s115r01c04', 'H10', 'ghế đơn', 'r01c04', 'Trống'),
('s116r01c04', 'H11', 'ghế đơn', 'r01c04', 'Trống'),
('s117r01c04', 'H12', 'ghế đơn', 'r01c04', 'Trống'),
('s118r01c04', 'H13', 'ghế đơn', 'r01c04', 'Trống'),
('s119r01c04', 'H14', 'ghế đơn', 'r01c04', 'Trống'),
('s120r01c04', 'I15', 'ghế đơn', 'r01c04', 'Trống'),
('s121r01c04', 'I1', 'ghế đơn', 'r01c04', 'Trống'),
('s122r01c04', 'I2', 'ghế đơn', 'r01c04', 'Trống'),
('s123r01c04', 'I3', 'ghế đơn', 'r01c04', 'Trống'),
('s124r01c04', 'I4', 'ghế đơn', 'r01c04', 'Trống'),
('s125r01c04', 'I5', 'ghế đơn', 'r01c04', 'Trống'),
('s126r01c04', 'I6', 'ghế đơn', 'r01c04', 'Trống'),
('s127r01c04', 'I7', 'ghế đơn', 'r01c04', 'Trống'),
('s128r01c04', 'I8', 'ghế đơn', 'r01c04', 'Trống'),
('s129r01c04', 'I9', 'ghế đơn', 'r01c04', 'Trống'),
('s130r01c04', 'I10', 'ghế đơn', 'r01c04', 'Trống'),
('s131r01c04', 'I11', 'ghế đơn', 'r01c04', 'Trống'),
('s132r01c04', 'I12', 'ghế đơn', 'r01c04', 'Trống'),
('s133r01c04', 'I13', 'ghế đơn', 'r01c04', 'Trống'),
('s134r01c04', 'I14', 'ghế đơn', 'r01c04', 'Trống'),
('s135r01c04', 'I15', 'ghế đơn', 'r01c04', 'Trống'),
('s001r02c04', 'A1', 'ghế đơn', 'r02c04', 'Đã đặt'),
('s002r02c04', 'A2', 'ghế đơn', 'r02c04', 'Đã đặt'),
('s003r02c04', 'A3', 'ghế đơn', 'r02c04', 'Đã đặt'),
('s004r02c04', 'A4', 'ghế đơn', 'r02c04', 'Đã đặt'),
('s005r02c04', 'A5', 'ghế đơn', 'r02c04', 'Đã đặt'),
('s006r02c04', 'A6', 'ghế đơn', 'r02c04', 'Trống'),
('s007r02c04', 'A7', 'ghế đơn', 'r02c04', 'Trống'),
('s008r02c04', 'A8', 'ghế đơn', 'r02c04', 'Trống'),
('s009r02c04', 'A9', 'ghế đơn', 'r02c04', 'Trống'),
('s010r02c04', 'A10', 'ghế đơn', 'r02c04', 'Trống'),
('s011r02c04', 'A11', 'ghế đơn', 'r02c04', 'Trống'),
('s012r02c04', 'A12', 'ghế đơn', 'r02c04', 'Trống'),
('s013r02c04', 'A13', 'ghế đơn', 'r02c04', 'Trống'),
('s014r02c04', 'A14', 'ghế đơn', 'r02c04', 'Trống'),
('s015r02c04', 'A15', 'ghế đơn', 'r02c04', 'Trống'),
('s016r02c04', 'B1', 'ghế đơn', 'r02c04', 'Trống'),
('s017r02c04', 'B2', 'ghế đơn', 'r02c04', 'Trống'),
('s018r02c04', 'B3', 'ghế đơn', 'r02c04', 'Trống'),
('s019r02c04', 'B4', 'ghế đơn', 'r02c04', 'Trống'),
('s020r02c04', 'B5', 'ghế đơn', 'r02c04', 'Trống'),
('s021r02c04', 'B6', 'ghế đơn', 'r02c04', 'Trống'),
('s022r02c04', 'B7', 'ghế đơn', 'r02c04', 'Trống'),
('s023r02c04', 'B8', 'ghế đơn', 'r02c04', 'Trống'),
('s024r02c04', 'B9', 'ghế đơn', 'r02c04', 'Trống'),
('s025r02c04', 'B10', 'ghế đơn', 'r02c04', 'Trống'),
('s026r02c04', 'B11', 'ghế đơn', 'r02c04', 'Trống'),
('s027r02c04', 'B12', 'ghế đơn', 'r02c04', 'Trống'),
('s028r02c04', 'B13', 'ghế đơn', 'r02c04', 'Trống'),
('s029r02c04', 'B14', 'ghế đơn', 'r02c04', 'Trống'),
('s030r02c04', 'B15', 'ghế đơn', 'r02c04', 'Trống'),
('s031r02c04', 'C1', 'ghế đơn', 'r02c04', 'Trống'),
('s032r02c04', 'C2', 'ghế đơn', 'r02c04', 'Trống'),
('s033r02c04', 'C3', 'ghế đơn', 'r02c04', 'Trống'),
('s034r02c04', 'C4', 'ghế đơn', 'r02c04', 'Trống'),
('s035r02c04', 'C5', 'ghế đơn', 'r02c04', 'Trống'),
('s036r02c04', 'C6', 'ghế đơn', 'r02c04', 'Trống'),
('s037r02c04', 'C7', 'ghế đơn', 'r02c04', 'Trống'),
('s038r02c04', 'C8', 'ghế đơn', 'r02c04', 'Trống'),
('s039r02c04', 'C9', 'ghế đơn', 'r02c04', 'Trống'),
('s040r02c04', 'C10', 'ghế đơn', 'r02c04', 'Trống'),
('s041r02c04', 'C11', 'ghế đơn', 'r02c04', 'Trống'),
('s042r02c04', 'C12', 'ghế đơn', 'r02c04', 'Trống'),
('s043r02c04', 'C13', 'ghế đơn', 'r02c04', 'Trống'),
('s044r02c04', 'C14', 'ghế đơn', 'r02c04', 'Trống');
INSERT INTO `seat` (`id_seat`, `seat_name`, `classify`, `id_room`, `status`) VALUES
('s045r02c04', 'C15', 'ghế đơn', 'r02c04', 'Trống'),
('s046r02c04', 'D1', 'ghế đơn', 'r02c04', 'Trống'),
('s047r02c04', 'D2', 'ghế đơn', 'r02c04', 'Trống'),
('s048r02c04', 'D3', 'ghế đơn', 'r02c04', 'Trống'),
('s049r02c04', 'D4', 'ghế đơn', 'r02c04', 'Trống'),
('s050r02c04', 'D5', 'ghế đơn', 'r02c04', 'Trống'),
('s051r02c04', 'D6', 'ghế đơn', 'r02c04', 'Trống'),
('s052r02c04', 'D7', 'ghế đơn', 'r02c04', 'Trống'),
('s053r02c04', 'D8', 'ghế đơn', 'r02c04', 'Trống'),
('s054r02c04', 'D9', 'ghế đơn', 'r02c04', 'Trống'),
('s055r02c04', 'D10', 'ghế đơn', 'r02c04', 'Trống'),
('s056r02c04', 'D11', 'ghế đơn', 'r02c04', 'Trống'),
('s057r02c04', 'D12', 'ghế đơn', 'r02c04', 'Trống'),
('s058r02c04', 'D13', 'ghế đơn', 'r02c04', 'Trống'),
('s059r02c04', 'D14', 'ghế đơn', 'r02c04', 'Trống'),
('s060r02c04', 'D15', 'ghế đơn', 'r02c04', 'Trống'),
('s061r02c04', 'E1', 'ghế đơn', 'r02c04', 'Trống'),
('s062r02c04', 'E2', 'ghế đơn', 'r02c04', 'Trống'),
('s063r02c04', 'E3', 'ghế đơn', 'r02c04', 'Trống'),
('s064r02c04', 'E4', 'ghế đơn', 'r02c04', 'Trống'),
('s065r02c04', 'E5', 'ghế đơn', 'r02c04', 'Trống'),
('s066r02c04', 'E6', 'ghế đơn', 'r02c04', 'Trống'),
('s067r02c04', 'E7', 'ghế đơn', 'r02c04', 'Trống'),
('s068r02c04', 'E8', 'ghế đơn', 'r02c04', 'Trống'),
('s069r02c04', 'E9', 'ghế đơn', 'r02c04', 'Trống'),
('s070r02c04', 'E10', 'ghế đơn', 'r02c04', 'Trống'),
('s071r02c04', 'E11', 'ghế đơn', 'r02c04', 'Trống'),
('s072r02c04', 'E12', 'ghế đơn', 'r02c04', 'Trống'),
('s073r02c04', 'E13', 'ghế đơn', 'r02c04', 'Trống'),
('s074r02c04', 'E14', 'ghế đơn', 'r02c04', 'Trống'),
('s075r02c04', 'E15', 'ghế đơn', 'r02c04', 'Trống'),
('s076r02c04', 'F1', 'ghế đơn', 'r02c04', 'Trống'),
('s077r02c04', 'F2', 'ghế đơn', 'r02c04', 'Trống'),
('s078r02c04', 'F3', 'ghế đơn', 'r02c04', 'Trống'),
('s079r02c04', 'F4', 'ghế đơn', 'r02c04', 'Trống'),
('s080r02c04', 'F5', 'ghế đơn', 'r02c04', 'Trống'),
('s081r02c04', 'F6', 'ghế đơn', 'r02c04', 'Trống'),
('s082r02c04', 'F7', 'ghế đơn', 'r02c04', 'Trống'),
('s083r02c04', 'F8', 'ghế đơn', 'r02c04', 'Trống'),
('s084r02c04', 'F9', 'ghế đơn', 'r02c04', 'Trống'),
('s085r02c04', 'F10', 'ghế đơn', 'r02c04', 'Trống'),
('s086r02c04', 'F11', 'ghế đơn', 'r02c04', 'Trống'),
('s087r02c04', 'F12', 'ghế đơn', 'r02c04', 'Trống'),
('s088r02c04', 'F13', 'ghế đơn', 'r02c04', 'Trống'),
('s089r02c04', 'F14', 'ghế đơn', 'r02c04', 'Trống'),
('s090r02c04', 'F15', 'ghế đơn', 'r02c04', 'Trống'),
('s091r02c04', 'G1', 'ghế đơn', 'r02c04', 'Trống'),
('s092r02c04', 'G2', 'ghế đơn', 'r02c04', 'Trống'),
('s093r02c04', 'G3', 'ghế đơn', 'r02c04', 'Trống'),
('s094r02c04', 'G4', 'ghế đơn', 'r02c04', 'Trống'),
('s095r02c04', 'G5', 'ghế đơn', 'r02c04', 'Trống'),
('s096r02c04', 'G6', 'ghế đơn', 'r02c04', 'Trống'),
('s097r02c04', 'G7', 'ghế đơn', 'r02c04', 'Trống'),
('s098r02c04', 'G8', 'ghế đơn', 'r02c04', 'Trống'),
('s099r02c04', 'G9', 'ghế đơn', 'r02c04', 'Trống'),
('s100r02c04', 'G10', 'ghế đơn', 'r02c04', 'Trống'),
('s101r02c04', 'G11', 'ghế đơn', 'r02c04', 'Trống'),
('s102r02c04', 'G12', 'ghế đơn', 'r02c04', 'Trống'),
('s103r02c04', 'G13', 'ghế đơn', 'r02c04', 'Trống'),
('s104r02c04', 'G14', 'ghế đơn', 'r02c04', 'Trống'),
('s105r02c04', 'G15', 'ghế đơn', 'r02c04', 'Trống'),
('s106r02c04', 'H1', 'ghế đơn', 'r02c04', 'Trống'),
('s107r02c04', 'H2', 'ghế đơn', 'r02c04', 'Trống'),
('s108r02c04', 'H3', 'ghế đơn', 'r02c04', 'Trống'),
('s109r02c04', 'H4', 'ghế đơn', 'r02c04', 'Trống'),
('s110r02c04', 'H5', 'ghế đơn', 'r02c04', 'Trống'),
('s111r02c04', 'H6', 'ghế đơn', 'r02c04', 'Trống'),
('s112r02c04', 'H7', 'ghế đơn', 'r02c04', 'Trống'),
('s113r02c04', 'H8', 'ghế đơn', 'r02c04', 'Trống'),
('s114r02c04', 'H9', 'ghế đơn', 'r02c04', 'Trống'),
('s115r02c04', 'H10', 'ghế đơn', 'r02c04', 'Trống'),
('s116r02c04', 'H11', 'ghế đơn', 'r02c04', 'Trống'),
('s117r02c04', 'H12', 'ghế đơn', 'r02c04', 'Trống'),
('s118r02c04', 'H13', 'ghế đơn', 'r02c04', 'Trống'),
('s119r02c04', 'H14', 'ghế đơn', 'r02c04', 'Trống'),
('s120r02c04', 'I15', 'ghế đơn', 'r02c04', 'Trống'),
('s121r02c04', 'I1', 'ghế đơn', 'r02c04', 'Trống'),
('s122r02c04', 'I2', 'ghế đơn', 'r02c04', 'Trống'),
('s123r02c04', 'I3', 'ghế đơn', 'r02c04', 'Trống'),
('s124r02c04', 'I4', 'ghế đơn', 'r02c04', 'Trống'),
('s125r02c04', 'I5', 'ghế đơn', 'r02c04', 'Trống'),
('s126r02c04', 'I6', 'ghế đơn', 'r02c04', 'Trống'),
('s127r02c04', 'I7', 'ghế đơn', 'r02c04', 'Trống'),
('s128r02c04', 'I8', 'ghế đơn', 'r02c04', 'Trống'),
('s129r02c04', 'I9', 'ghế đơn', 'r02c04', 'Trống'),
('s130r02c04', 'I10', 'ghế đơn', 'r02c04', 'Trống'),
('s131r02c04', 'I11', 'ghế đơn', 'r02c04', 'Trống'),
('s132r02c04', 'I12', 'ghế đơn', 'r02c04', 'Trống'),
('s133r02c04', 'I13', 'ghế đơn', 'r02c04', 'Trống'),
('s134r02c04', 'I14', 'ghế đơn', 'r02c04', 'Trống'),
('s135r02c04', 'I15', 'ghế đơn', 'r02c04', 'Trống'),
('s001r01c05', 'A1', 'ghế đơn', 'r01c05', 'Đã đặt'),
('s002r01c05', 'A2', 'ghế đơn', 'r01c05', 'Đã đặt'),
('s003r01c05', 'A3', 'ghế đơn', 'r01c05', 'Đã đặt'),
('s004r01c05', 'A4', 'ghế đơn', 'r01c05', 'Đã đặt'),
('s005r01c05', 'A5', 'ghế đơn', 'r01c05', 'Đã đặt'),
('s006r01c05', 'A6', 'ghế đơn', 'r01c05', 'Trống'),
('s007r01c05', 'A7', 'ghế đơn', 'r01c05', 'Trống'),
('s008r01c05', 'A8', 'ghế đơn', 'r01c05', 'Trống'),
('s009r01c05', 'A9', 'ghế đơn', 'r01c05', 'Trống'),
('s010r01c05', 'A10', 'ghế đơn', 'r01c05', 'Trống'),
('s011r01c05', 'A11', 'ghế đơn', 'r01c05', 'Trống'),
('s012r01c05', 'A12', 'ghế đơn', 'r01c05', 'Trống'),
('s013r01c05', 'A13', 'ghế đơn', 'r01c05', 'Trống'),
('s014r01c05', 'A14', 'ghế đơn', 'r01c05', 'Trống'),
('s015r01c05', 'A15', 'ghế đơn', 'r01c05', 'Trống'),
('s016r01c05', 'B1', 'ghế đơn', 'r01c05', 'Trống'),
('s017r01c05', 'B2', 'ghế đơn', 'r01c05', 'Trống'),
('s018r01c05', 'B3', 'ghế đơn', 'r01c05', 'Trống'),
('s019r01c05', 'B4', 'ghế đơn', 'r01c05', 'Trống'),
('s020r01c05', 'B5', 'ghế đơn', 'r01c05', 'Trống'),
('s021r01c05', 'B6', 'ghế đơn', 'r01c05', 'Trống'),
('s022r01c05', 'B7', 'ghế đơn', 'r01c05', 'Trống'),
('s023r01c05', 'B8', 'ghế đơn', 'r01c05', 'Trống'),
('s024r01c05', 'B9', 'ghế đơn', 'r01c05', 'Trống'),
('s025r01c05', 'B10', 'ghế đơn', 'r01c05', 'Trống'),
('s026r01c05', 'B11', 'ghế đơn', 'r01c05', 'Trống'),
('s027r01c05', 'B12', 'ghế đơn', 'r01c05', 'Trống'),
('s028r01c05', 'B13', 'ghế đơn', 'r01c05', 'Trống'),
('s029r01c05', 'B14', 'ghế đơn', 'r01c05', 'Trống'),
('s030r01c05', 'B15', 'ghế đơn', 'r01c05', 'Trống'),
('s031r01c05', 'C1', 'ghế đơn', 'r01c05', 'Trống'),
('s032r01c05', 'C2', 'ghế đơn', 'r01c05', 'Trống'),
('s033r01c05', 'C3', 'ghế đơn', 'r01c05', 'Trống'),
('s034r01c05', 'C4', 'ghế đơn', 'r01c05', 'Trống'),
('s035r01c05', 'C5', 'ghế đơn', 'r01c05', 'Trống'),
('s036r01c05', 'C6', 'ghế đơn', 'r01c05', 'Trống'),
('s037r01c05', 'C7', 'ghế đơn', 'r01c05', 'Trống'),
('s038r01c05', 'C8', 'ghế đơn', 'r01c05', 'Trống'),
('s039r01c05', 'C9', 'ghế đơn', 'r01c05', 'Trống'),
('s040r01c05', 'C10', 'ghế đơn', 'r01c05', 'Trống'),
('s041r01c05', 'C11', 'ghế đơn', 'r01c05', 'Trống'),
('s042r01c05', 'C12', 'ghế đơn', 'r01c05', 'Trống'),
('s043r01c05', 'C13', 'ghế đơn', 'r01c05', 'Trống'),
('s044r01c05', 'C14', 'ghế đơn', 'r01c05', 'Trống'),
('s045r01c05', 'C15', 'ghế đơn', 'r01c05', 'Trống'),
('s046r01c05', 'D1', 'ghế đơn', 'r01c05', 'Trống'),
('s047r01c05', 'D2', 'ghế đơn', 'r01c05', 'Trống'),
('s048r01c05', 'D3', 'ghế đơn', 'r01c05', 'Trống'),
('s049r01c05', 'D4', 'ghế đơn', 'r01c05', 'Trống'),
('s050r01c05', 'D5', 'ghế đơn', 'r01c05', 'Trống'),
('s051r01c05', 'D6', 'ghế đơn', 'r01c05', 'Trống'),
('s052r01c05', 'D7', 'ghế đơn', 'r01c05', 'Trống'),
('s053r01c05', 'D8', 'ghế đơn', 'r01c05', 'Trống'),
('s054r01c05', 'D9', 'ghế đơn', 'r01c05', 'Trống'),
('s055r01c05', 'D10', 'ghế đơn', 'r01c05', 'Trống'),
('s056r01c05', 'D11', 'ghế đơn', 'r01c05', 'Trống'),
('s057r01c05', 'D12', 'ghế đơn', 'r01c05', 'Trống'),
('s058r01c05', 'D13', 'ghế đơn', 'r01c05', 'Trống'),
('s059r01c05', 'D14', 'ghế đơn', 'r01c05', 'Trống'),
('s060r01c05', 'D15', 'ghế đơn', 'r01c05', 'Trống'),
('s061r01c05', 'E1', 'ghế đơn', 'r01c05', 'Trống'),
('s062r01c05', 'E2', 'ghế đơn', 'r01c05', 'Trống'),
('s063r01c05', 'E3', 'ghế đơn', 'r01c05', 'Trống'),
('s064r01c05', 'E4', 'ghế đơn', 'r01c05', 'Trống'),
('s065r01c05', 'E5', 'ghế đơn', 'r01c05', 'Trống'),
('s066r01c05', 'E6', 'ghế đơn', 'r01c05', 'Trống'),
('s067r01c05', 'E7', 'ghế đơn', 'r01c05', 'Trống'),
('s068r01c05', 'E8', 'ghế đơn', 'r01c05', 'Trống'),
('s069r01c05', 'E9', 'ghế đơn', 'r01c05', 'Trống'),
('s070r01c05', 'E10', 'ghế đơn', 'r01c05', 'Trống'),
('s071r01c05', 'E11', 'ghế đơn', 'r01c05', 'Trống'),
('s072r01c05', 'E12', 'ghế đơn', 'r01c05', 'Trống'),
('s073r01c05', 'E13', 'ghế đơn', 'r01c05', 'Trống'),
('s074r01c05', 'E14', 'ghế đơn', 'r01c05', 'Trống'),
('s075r01c05', 'E15', 'ghế đơn', 'r01c05', 'Trống'),
('s076r01c05', 'F1', 'ghế đơn', 'r01c05', 'Trống'),
('s077r01c05', 'F2', 'ghế đơn', 'r01c05', 'Trống'),
('s078r01c05', 'F3', 'ghế đơn', 'r01c05', 'Trống'),
('s079r01c05', 'F4', 'ghế đơn', 'r01c05', 'Trống'),
('s080r01c05', 'F5', 'ghế đơn', 'r01c05', 'Trống'),
('s081r01c05', 'F6', 'ghế đơn', 'r01c05', 'Trống'),
('s082r01c05', 'F7', 'ghế đơn', 'r01c05', 'Trống'),
('s083r01c05', 'F8', 'ghế đơn', 'r01c05', 'Trống'),
('s084r01c05', 'F9', 'ghế đơn', 'r01c05', 'Trống'),
('s085r01c05', 'F10', 'ghế đơn', 'r01c05', 'Trống'),
('s086r01c05', 'F11', 'ghế đơn', 'r01c05', 'Trống'),
('s087r01c05', 'F12', 'ghế đơn', 'r01c05', 'Trống'),
('s088r01c05', 'F13', 'ghế đơn', 'r01c05', 'Trống'),
('s089r01c05', 'F14', 'ghế đơn', 'r01c05', 'Trống'),
('s090r01c05', 'F15', 'ghế đơn', 'r01c05', 'Trống'),
('s091r01c05', 'G1', 'ghế đơn', 'r01c05', 'Trống'),
('s092r01c05', 'G2', 'ghế đơn', 'r01c05', 'Trống'),
('s093r01c05', 'G3', 'ghế đơn', 'r01c05', 'Trống'),
('s094r01c05', 'G4', 'ghế đơn', 'r01c05', 'Trống'),
('s095r01c05', 'G5', 'ghế đơn', 'r01c05', 'Trống'),
('s096r01c05', 'G6', 'ghế đơn', 'r01c05', 'Trống'),
('s097r01c05', 'G7', 'ghế đơn', 'r01c05', 'Trống'),
('s098r01c05', 'G8', 'ghế đơn', 'r01c05', 'Trống'),
('s099r01c05', 'G9', 'ghế đơn', 'r01c05', 'Trống'),
('s100r01c05', 'G10', 'ghế đơn', 'r01c05', 'Trống'),
('s101r01c05', 'G11', 'ghế đơn', 'r01c05', 'Trống'),
('s102r01c05', 'G12', 'ghế đơn', 'r01c05', 'Trống'),
('s103r01c05', 'G13', 'ghế đơn', 'r01c05', 'Trống'),
('s104r01c05', 'G14', 'ghế đơn', 'r01c05', 'Trống'),
('s105r01c05', 'G15', 'ghế đơn', 'r01c05', 'Trống'),
('s106r01c05', 'H1', 'ghế đơn', 'r01c05', 'Trống'),
('s107r01c05', 'H2', 'ghế đơn', 'r01c05', 'Trống'),
('s108r01c05', 'H3', 'ghế đơn', 'r01c05', 'Trống'),
('s109r01c05', 'H4', 'ghế đơn', 'r01c05', 'Trống'),
('s110r01c05', 'H5', 'ghế đơn', 'r01c05', 'Trống'),
('s111r01c05', 'H6', 'ghế đơn', 'r01c05', 'Trống'),
('s112r01c05', 'H7', 'ghế đơn', 'r01c05', 'Trống'),
('s113r01c05', 'H8', 'ghế đơn', 'r01c05', 'Trống'),
('s114r01c05', 'H9', 'ghế đơn', 'r01c05', 'Trống'),
('s115r01c05', 'H10', 'ghế đơn', 'r01c05', 'Trống'),
('s116r01c05', 'H11', 'ghế đơn', 'r01c05', 'Trống'),
('s117r01c05', 'H12', 'ghế đơn', 'r01c05', 'Trống'),
('s118r01c05', 'H13', 'ghế đơn', 'r01c05', 'Trống'),
('s119r01c05', 'H14', 'ghế đơn', 'r01c05', 'Trống'),
('s120r01c05', 'I15', 'ghế đơn', 'r01c05', 'Trống'),
('s121r01c05', 'I1', 'ghế đơn', 'r01c05', 'Trống'),
('s122r01c05', 'I2', 'ghế đơn', 'r01c05', 'Trống'),
('s123r01c05', 'I3', 'ghế đơn', 'r01c05', 'Trống'),
('s124r01c05', 'I4', 'ghế đơn', 'r01c05', 'Trống'),
('s125r01c05', 'I5', 'ghế đơn', 'r01c05', 'Trống'),
('s126r01c05', 'I6', 'ghế đơn', 'r01c05', 'Trống'),
('s127r01c05', 'I7', 'ghế đơn', 'r01c05', 'Trống'),
('s128r01c05', 'I8', 'ghế đơn', 'r01c05', 'Trống'),
('s129r01c05', 'I9', 'ghế đơn', 'r01c05', 'Trống'),
('s130r01c05', 'I10', 'ghế đơn', 'r01c05', 'Trống'),
('s131r01c05', 'I11', 'ghế đơn', 'r01c05', 'Trống'),
('s132r01c05', 'I12', 'ghế đơn', 'r01c05', 'Trống'),
('s133r01c05', 'I13', 'ghế đơn', 'r01c05', 'Trống'),
('s134r01c05', 'I14', 'ghế đơn', 'r01c05', 'Trống'),
('s135r01c05', 'I15', 'ghế đơn', 'r01c05', 'Trống'),
('s001r02c05', 'A1', 'ghế đơn', 'r02c05', 'Đã đặt'),
('s002r02c05', 'A2', 'ghế đơn', 'r02c05', 'Đã đặt'),
('s003r02c05', 'A3', 'ghế đơn', 'r02c05', 'Đã đặt'),
('s004r02c05', 'A4', 'ghế đơn', 'r02c05', 'Đã đặt'),
('s005r02c05', 'A5', 'ghế đơn', 'r02c05', 'Đã đặt'),
('s006r02c05', 'A6', 'ghế đơn', 'r02c05', 'Trống'),
('s007r02c05', 'A7', 'ghế đơn', 'r02c05', 'Trống'),
('s008r02c05', 'A8', 'ghế đơn', 'r02c05', 'Trống'),
('s009r02c05', 'A9', 'ghế đơn', 'r02c05', 'Trống'),
('s010r02c05', 'A10', 'ghế đơn', 'r02c05', 'Trống'),
('s011r02c05', 'A11', 'ghế đơn', 'r02c05', 'Trống'),
('s012r02c05', 'A12', 'ghế đơn', 'r02c05', 'Trống'),
('s013r02c05', 'A13', 'ghế đơn', 'r02c05', 'Trống'),
('s014r02c05', 'A14', 'ghế đơn', 'r02c05', 'Trống'),
('s015r02c05', 'A15', 'ghế đơn', 'r02c05', 'Trống'),
('s016r02c05', 'B1', 'ghế đơn', 'r02c05', 'Trống'),
('s017r02c05', 'B2', 'ghế đơn', 'r02c05', 'Trống'),
('s018r02c05', 'B3', 'ghế đơn', 'r02c05', 'Trống'),
('s019r02c05', 'B4', 'ghế đơn', 'r02c05', 'Trống'),
('s020r02c05', 'B5', 'ghế đơn', 'r02c05', 'Trống'),
('s021r02c05', 'B6', 'ghế đơn', 'r02c05', 'Trống'),
('s022r02c05', 'B7', 'ghế đơn', 'r02c05', 'Trống'),
('s023r02c05', 'B8', 'ghế đơn', 'r02c05', 'Trống'),
('s024r02c05', 'B9', 'ghế đơn', 'r02c05', 'Trống'),
('s025r02c05', 'B10', 'ghế đơn', 'r02c05', 'Trống'),
('s026r02c05', 'B11', 'ghế đơn', 'r02c05', 'Trống'),
('s027r02c05', 'B12', 'ghế đơn', 'r02c05', 'Trống'),
('s028r02c05', 'B13', 'ghế đơn', 'r02c05', 'Trống'),
('s029r02c05', 'B14', 'ghế đơn', 'r02c05', 'Trống'),
('s030r02c05', 'B15', 'ghế đơn', 'r02c05', 'Trống'),
('s031r02c05', 'C1', 'ghế đơn', 'r02c05', 'Trống'),
('s032r02c05', 'C2', 'ghế đơn', 'r02c05', 'Trống'),
('s033r02c05', 'C3', 'ghế đơn', 'r02c05', 'Trống'),
('s034r02c05', 'C4', 'ghế đơn', 'r02c05', 'Trống'),
('s035r02c05', 'C5', 'ghế đơn', 'r02c05', 'Trống'),
('s036r02c05', 'C6', 'ghế đơn', 'r02c05', 'Trống'),
('s037r02c05', 'C7', 'ghế đơn', 'r02c05', 'Trống'),
('s038r02c05', 'C8', 'ghế đơn', 'r02c05', 'Trống'),
('s039r02c05', 'C9', 'ghế đơn', 'r02c05', 'Trống'),
('s040r02c05', 'C10', 'ghế đơn', 'r02c05', 'Trống'),
('s041r02c05', 'C11', 'ghế đơn', 'r02c05', 'Trống'),
('s042r02c05', 'C12', 'ghế đơn', 'r02c05', 'Trống'),
('s043r02c05', 'C13', 'ghế đơn', 'r02c05', 'Trống'),
('s044r02c05', 'C14', 'ghế đơn', 'r02c05', 'Trống'),
('s045r02c05', 'C15', 'ghế đơn', 'r02c05', 'Trống'),
('s046r02c05', 'D1', 'ghế đơn', 'r02c05', 'Trống'),
('s047r02c05', 'D2', 'ghế đơn', 'r02c05', 'Trống'),
('s048r02c05', 'D3', 'ghế đơn', 'r02c05', 'Trống'),
('s049r02c05', 'D4', 'ghế đơn', 'r02c05', 'Trống'),
('s050r02c05', 'D5', 'ghế đơn', 'r02c05', 'Trống'),
('s051r02c05', 'D6', 'ghế đơn', 'r02c05', 'Trống'),
('s052r02c05', 'D7', 'ghế đơn', 'r02c05', 'Trống'),
('s053r02c05', 'D8', 'ghế đơn', 'r02c05', 'Trống'),
('s054r02c05', 'D9', 'ghế đơn', 'r02c05', 'Trống'),
('s055r02c05', 'D10', 'ghế đơn', 'r02c05', 'Trống'),
('s056r02c05', 'D11', 'ghế đơn', 'r02c05', 'Trống'),
('s057r02c05', 'D12', 'ghế đơn', 'r02c05', 'Trống'),
('s058r02c05', 'D13', 'ghế đơn', 'r02c05', 'Trống'),
('s059r02c05', 'D14', 'ghế đơn', 'r02c05', 'Trống'),
('s060r02c05', 'D15', 'ghế đơn', 'r02c05', 'Trống'),
('s061r02c05', 'E1', 'ghế đơn', 'r02c05', 'Trống'),
('s062r02c05', 'E2', 'ghế đơn', 'r02c05', 'Trống'),
('s063r02c05', 'E3', 'ghế đơn', 'r02c05', 'Trống'),
('s064r02c05', 'E4', 'ghế đơn', 'r02c05', 'Trống'),
('s065r02c05', 'E5', 'ghế đơn', 'r02c05', 'Trống'),
('s066r02c05', 'E6', 'ghế đơn', 'r02c05', 'Trống'),
('s067r02c05', 'E7', 'ghế đơn', 'r02c05', 'Trống'),
('s068r02c05', 'E8', 'ghế đơn', 'r02c05', 'Trống'),
('s069r02c05', 'E9', 'ghế đơn', 'r02c05', 'Trống'),
('s070r02c05', 'E10', 'ghế đơn', 'r02c05', 'Trống'),
('s071r02c05', 'E11', 'ghế đơn', 'r02c05', 'Trống'),
('s072r02c05', 'E12', 'ghế đơn', 'r02c05', 'Trống'),
('s073r02c05', 'E13', 'ghế đơn', 'r02c05', 'Trống'),
('s074r02c05', 'E14', 'ghế đơn', 'r02c05', 'Trống'),
('s075r02c05', 'E15', 'ghế đơn', 'r02c05', 'Trống'),
('s076r02c05', 'F1', 'ghế đơn', 'r02c05', 'Trống'),
('s077r02c05', 'F2', 'ghế đơn', 'r02c05', 'Trống'),
('s078r02c05', 'F3', 'ghế đơn', 'r02c05', 'Trống'),
('s079r02c05', 'F4', 'ghế đơn', 'r02c05', 'Trống'),
('s080r02c05', 'F5', 'ghế đơn', 'r02c05', 'Trống'),
('s081r02c05', 'F6', 'ghế đơn', 'r02c05', 'Trống'),
('s082r02c05', 'F7', 'ghế đơn', 'r02c05', 'Trống'),
('s083r02c05', 'F8', 'ghế đơn', 'r02c05', 'Trống'),
('s084r02c05', 'F9', 'ghế đơn', 'r02c05', 'Trống'),
('s085r02c05', 'F10', 'ghế đơn', 'r02c05', 'Trống'),
('s086r02c05', 'F11', 'ghế đơn', 'r02c05', 'Trống'),
('s087r02c05', 'F12', 'ghế đơn', 'r02c05', 'Trống'),
('s088r02c05', 'F13', 'ghế đơn', 'r02c05', 'Trống'),
('s089r02c05', 'F14', 'ghế đơn', 'r02c05', 'Trống'),
('s090r02c05', 'F15', 'ghế đơn', 'r02c05', 'Trống'),
('s091r02c05', 'G1', 'ghế đơn', 'r02c05', 'Trống'),
('s092r02c05', 'G2', 'ghế đơn', 'r02c05', 'Trống'),
('s093r02c05', 'G3', 'ghế đơn', 'r02c05', 'Trống'),
('s094r02c05', 'G4', 'ghế đơn', 'r02c05', 'Trống'),
('s095r02c05', 'G5', 'ghế đơn', 'r02c05', 'Trống'),
('s096r02c05', 'G6', 'ghế đơn', 'r02c05', 'Trống'),
('s097r02c05', 'G7', 'ghế đơn', 'r02c05', 'Trống'),
('s098r02c05', 'G8', 'ghế đơn', 'r02c05', 'Trống'),
('s099r02c05', 'G9', 'ghế đơn', 'r02c05', 'Trống'),
('s100r02c05', 'G10', 'ghế đơn', 'r02c05', 'Trống'),
('s101r02c05', 'G11', 'ghế đơn', 'r02c05', 'Trống'),
('s102r02c05', 'G12', 'ghế đơn', 'r02c05', 'Trống'),
('s103r02c05', 'G13', 'ghế đơn', 'r02c05', 'Trống'),
('s104r02c05', 'G14', 'ghế đơn', 'r02c05', 'Trống'),
('s105r02c05', 'G15', 'ghế đơn', 'r02c05', 'Trống'),
('s106r02c05', 'H1', 'ghế đơn', 'r02c05', 'Trống'),
('s107r02c05', 'H2', 'ghế đơn', 'r02c05', 'Trống'),
('s108r02c05', 'H3', 'ghế đơn', 'r02c05', 'Trống'),
('s109r02c05', 'H4', 'ghế đơn', 'r02c05', 'Trống'),
('s110r02c05', 'H5', 'ghế đơn', 'r02c05', 'Trống'),
('s111r02c05', 'H6', 'ghế đơn', 'r02c05', 'Trống'),
('s112r02c05', 'H7', 'ghế đơn', 'r02c05', 'Trống'),
('s113r02c05', 'H8', 'ghế đơn', 'r02c05', 'Trống'),
('s114r02c05', 'H9', 'ghế đơn', 'r02c05', 'Trống'),
('s115r02c05', 'H10', 'ghế đơn', 'r02c05', 'Trống'),
('s116r02c05', 'H11', 'ghế đơn', 'r02c05', 'Trống'),
('s117r02c05', 'H12', 'ghế đơn', 'r02c05', 'Trống'),
('s118r02c05', 'H13', 'ghế đơn', 'r02c05', 'Trống'),
('s119r02c05', 'H14', 'ghế đơn', 'r02c05', 'Trống'),
('s120r02c05', 'I15', 'ghế đơn', 'r02c05', 'Trống'),
('s121r02c05', 'I1', 'ghế đơn', 'r02c05', 'Trống'),
('s122r02c05', 'I2', 'ghế đơn', 'r02c05', 'Trống'),
('s123r02c05', 'I3', 'ghế đơn', 'r02c05', 'Trống'),
('s124r02c05', 'I4', 'ghế đơn', 'r02c05', 'Trống'),
('s125r02c05', 'I5', 'ghế đơn', 'r02c05', 'Trống'),
('s126r02c05', 'I6', 'ghế đơn', 'r02c05', 'Trống'),
('s127r02c05', 'I7', 'ghế đơn', 'r02c05', 'Trống'),
('s128r02c05', 'I8', 'ghế đơn', 'r02c05', 'Trống'),
('s129r02c05', 'I9', 'ghế đơn', 'r02c05', 'Trống'),
('s130r02c05', 'I10', 'ghế đơn', 'r02c05', 'Trống'),
('s131r02c05', 'I11', 'ghế đơn', 'r02c05', 'Trống'),
('s132r02c05', 'I12', 'ghế đơn', 'r02c05', 'Trống'),
('s133r02c05', 'I13', 'ghế đơn', 'r02c05', 'Trống'),
('s134r02c05', 'I14', 'ghế đơn', 'r02c05', 'Trống'),
('s135r02c05', 'I15', 'ghế đơn', 'r02c05', 'Trống');

-- --------------------------------------------------------

--
-- Table structure for table `show_time`
--

CREATE TABLE `show_time` (
  `id_show_time` varchar(6) COLLATE utf8_unicode_ci NOT NULL,
  `date` date NOT NULL,
  `start_time` time NOT NULL
) ENGINE=MyISAM DEFAULT CHARSET=utf8 COLLATE=utf8_unicode_ci;

--
-- Dumping data for table `show_time`
--

INSERT INTO `show_time` (`id_show_time`, `date`, `start_time`) VALUES
('st0001', '2022-12-01', '10:00:00'),
('st0002', '2022-12-01', '11:00:00'),
('st0003', '2022-12-01', '12:45:00'),
('st0004', '2022-12-01', '14:00:00'),
('st0005', '2022-12-01', '18:20:00');

-- --------------------------------------------------------

--
-- Table structure for table `ticket`
--

CREATE TABLE `ticket` (
  `id_ticket` varchar(6) COLLATE utf8_unicode_ci NOT NULL,
  `classify` varchar(10) COLLATE utf8_unicode_ci NOT NULL,
  `pricce` int(11) NOT NULL,
  `id_movie_schedule` varchar(6) COLLATE utf8_unicode_ci NOT NULL
) ENGINE=MyISAM DEFAULT CHARSET=utf8 COLLATE=utf8_unicode_ci;

--
-- Dumping data for table `ticket`
--

INSERT INTO `ticket` (`id_ticket`, `classify`, `pricce`, `id_movie_schedule`) VALUES
('1', '2d', 70000, 'ms0001'),
('2', '3d', 100000, 'ms0002');

--
-- Indexes for dumped tables
--

--
-- Indexes for table `admin`
--
ALTER TABLE `admin`
  ADD PRIMARY KEY (`id`);

--
-- Indexes for table `customer`
--
ALTER TABLE `customer`
  ADD PRIMARY KEY (`id_customer`),
  ADD UNIQUE KEY `email` (`email`);

--
-- Indexes for table `movie`
--
ALTER TABLE `movie`
  ADD PRIMARY KEY (`stt`,`id_movie`);

--
-- Indexes for table `movie_schedule`
--
ALTER TABLE `movie_schedule`
  ADD PRIMARY KEY (`id_movie_schedule`),
  ADD KEY `id_show_time` (`id_show_time`),
  ADD KEY `id_cinema` (`id_cinema`),
  ADD KEY `id_room` (`id_room`),
  ADD KEY `id_movie` (`id_movie`);

--
-- Indexes for table `receipt`
--
ALTER TABLE `receipt`
  ADD PRIMARY KEY (`id_receipt`),
  ADD KEY `id_ticket` (`id_ticket`),
  ADD KEY `id_customer` (`id_customer`);

--
-- Indexes for table `room`
--
ALTER TABLE `room`
  ADD PRIMARY KEY (`id_room`),
  ADD KEY `id_cinema` (`id_cinema`);

--
-- Indexes for table `seat`
--
ALTER TABLE `seat`
  ADD PRIMARY KEY (`id_seat`),
  ADD KEY `id_room` (`id_room`);

--
-- Indexes for table `show_time`
--
ALTER TABLE `show_time`
  ADD PRIMARY KEY (`id_show_time`);

--
-- Indexes for table `ticket`
--
ALTER TABLE `ticket`
  ADD PRIMARY KEY (`id_ticket`),
  ADD KEY `id_movie_schedule` (`id_movie_schedule`);

--
-- AUTO_INCREMENT for dumped tables
--

--
-- AUTO_INCREMENT for table `movie`
--
ALTER TABLE `movie`
  MODIFY `stt` int(4) NOT NULL AUTO_INCREMENT, AUTO_INCREMENT=11;

DELIMITER $$
--
-- Events
--
CREATE DEFINER=`root`@`localhost` EVENT `event_delete_accountRegiserAfter7days` ON SCHEDULE EVERY 1 MINUTE STARTS '2022-12-18 17:48:05' ON COMPLETION NOT PRESERVE ENABLE DO DELETE FROM customer WHERE (NOW() > DATE_ADD(registerDate, INTERVAL 7 DAY)) AND active = 0$$

DELIMITER ;
COMMIT;

/*!40101 SET CHARACTER_SET_CLIENT=@OLD_CHARACTER_SET_CLIENT */;
/*!40101 SET CHARACTER_SET_RESULTS=@OLD_CHARACTER_SET_RESULTS */;
/*!40101 SET COLLATION_CONNECTION=@OLD_COLLATION_CONNECTION */;
